statement,target,result
End of eviction moratorium means millions of Americans could lose their housing in the middle of a pandemic.,True,correct
"The Trump administration worked to free 5,000 Taliban prisoners.",True,correct
"In Afghanistan, over 100 billion dollars spent on military contracts.",True,correct
A photo shows two COVID-19 patients lying on the floor awaiting treatment in Florida.,True,correct
"Its been over 50 years since minimum (wage) and inflation parted ways, then over a decade since the federal minimum went up at all.",True,correct
We have a record 9.3 million job openings in the U.S.,True,correct
"Since 1978, CEO compensation rose over 1,000% and only 11.9% for average workers.",True,correct
"Wisconsins 2019-21 budget produced the first positive general fund balance since 2000, and the governors proposed 2021-23 budget would return it to a deficit.",True,correct
Opposition to having a fully elected Chicago Board of Education is in the super minority.,True,correct
We now have more job openings than we do people who are on unemployment. We have 60% more job openings today than we did the month before the pandemic hit the state of Texas.,True,correct
"There are more job openings than there are people on unemployment"" in Iowa.",True,correct
San Francisco had twice as many drug overdose deaths as COVID deaths last year.,True,correct
On Virginias new marijuana law: You can have up to one pound with only a $25 fine.,True,correct
Foxconn is the largest taxpayer in Racine County.,True,correct
"The federal American Rescue Plan will purchase more food from farmers for distribution.""",True,correct
There is racism physically built into some of our highways.,True,correct
Twice as many children are inBorder Patrolcustody under Biden than Trump peak in 2019.,True,correct
U.S. Rep. Matt Gaetz was the lone vote in the House against an anti-human trafficking bill.,True,correct
West Virginia is the only state to decline in population over the last 70 years,True,correct
"If you look at the average teacher pay compared to the average pay of your citizens, Virginia ranks last.",True,correct
The president's own FBI director said that the greatest domestic terrorist threat is white supremacists.,True,correct
In the last 10 years less than half of adults in the U.S. received a flu shot.,True,correct
(Republicans) have the power to overturn the (state of emergency) order by joint resolution and they refuse to do it.,True,correct
Iran has stockpiled 10 times as much enriched uranium as it had in 2016.,True,correct
Nick Freitas supports a plan letting insurance companies deny coverage for preexisting conditions like asthma or diabetes.,True,correct
Video showed police thank (Kyle Rittenhouse) & give him water prior to the killings,True,correct
"In one of the states that determined the outcome of the 2016 presidential race, the winning margin averaged out to just two votes per precinct, two votes.",True,correct
"Cal Cunningham ""voted for over $1 billion in new taxes.",True,correct
"""The GOP lawyer who helped Kanye West get on the ballot in Wisconsin is actively working for Donald Trump's campaign.""",True,correct
"Says 1 in 5 Texans did not have health insurance coverage before the pandemic, and now nearly 1 in 3 Texans under the age of 65 dont have access to health care insurance.",True,correct
"On home health workers low pay and limited benefits, 40% are still on SNAP or Medicaid.",True,correct
Murders this year have spiked 27% in Philadelphia.,True,correct
"Homicides are intraracial. When you look at white-on-white crime, it's 84%. Right? Homicides. White people kill white people.",True,correct
"""Higher education is one of America's strongest export sectors. Over 1 million international students studied at American universities, (in the) 2018-19 school year. They contributed over $40 billion to the economy.",True,correct
"Says President Trump said coronavirus testing makes the U.S. look bad, ""so I said to my people, Slow the testing down.""",True,correct
"""Our health department, our city and our county declared racism as a public health crisis last year.",True,correct
Significantly more people died of Covid-19 in two months than died of overdoses all of last year or the year before.,True,correct
"""If Roe is overturned, Wisconsin has a law on the books that would immediately make abortion a crime.",True,correct
"Today, the gap between African American and white homeownership is larger than it was in the late 1960s.",True,correct
Research illustrates a clear correlation between vitamin D deficiencies and (higher) COVID-19 mortality rates.,True,correct
Says gloves shouldnt be worn in public because if you are wearing the same set of gloves all over town you are only spreading germs everywhere you go.,True,correct
New York is one of only 12 states where the average gallon of gas costs more than $2.00.,True,correct
Says its illegal to hold an absentee-only election or mail ballots to every registered voter,True,correct
Small trials to test convalescent plasma therapy for coronavirus patients seem to have had some degree of success.,True,correct
Says Texas either is near the bottom or at the very bottom when it comes to testing per capita.,True,correct
"North Carolina is ""in the small minority of states that requires an absentee ballot to be signed by two witnesses or a notary public.""",True,correct
Virginia has lagged behind other states when it comes to (covid-19) testing.,True,correct
"Go look at other countries that went through exactly this, started to reopen, and then they saw the infection rate go back up again.",True,correct
Africans living in China now being forced to sleep outside in the cold as Chinese nationals blame them for the rising number of new coronavirus cases in the country.,True,correct
"Republicans have shown themselves willing to cut millions off their health insurance and eliminate preexisting condition protections for millions more, even in the middle of this public health crisis.""",True,correct
"Says of the coronavirus threat, there was not a single suggestion by anyone, a doctor, a scientist, a political figure, that we needed to cancel Mardi Gras.",True,correct
"On February 7, the WHO warned about the limited stock of PPE. That same day, the Trump administration announced it was sending 18 tons of masks, gowns and respirators to China.",True,correct
Says longstanding Food and Drug Administration regulations created barriers to the private industry creating a test quickly for the coronavirus.,True,correct
No city in the state can quarantine itself without state approval.,True,correct
Says Spectrum will provide free internet to students during coronavirus school closures.,True,correct
"Some states are only getting 50 tests per day, and the Utah Jazz got 58.",True,correct
The average (Wisconsin) residents tax burden is at its lowest level in nearly 50 years while incomes continue to grow.,True,correct
"""@BernieSanders receives strong support from the conservative & most rural part of Vermont.""",True,correct
"The majority of hunters now want universal background checks, the majority of Trump voters.",True,correct
"From the moment we passed that signature legislation, Mike (Bloomberg) called it a disgrace.",True,correct
"""The president of the United States already has the legal authority to reduce the price of many commonly used prescription drugs.""",True,correct
"""More than 80% of Republicans think we ought to at least be doing universal background checks.""",True,correct
"""Twitter is banned in Iran.""",True,correct
"Witnesses have been part of ""every other impeachment trial the Senate has ever had.""",True,correct
"""We have the lowest corporate tax rate since 1968.""",True,correct
"Florida is ""the 45th in state education funding.""",True,correct
"A man at ""the storming of the U.S. embassy"" in Iraq visited the White House in 2011.",True,correct
"The United States is the only nation ""that grants legal permanent residency to more than a million people per year.""",True,correct
"""Last year, 36 million Americans didnt have a prescription filled because they couldnt affordit.""",True,correct
"""If you're a black woman, you're 320% more likely to die from complications in childbirth.""",True,correct
"Says Pete Buttigieg ran statewide in Indiana and ""lost by 20 points.""",True,correct
"Real wages ""went up last year 1.1%.""",True,correct
"California firefighters decided ""to speak out"" against President Trump because his tweet about the states wildfires ""contained so much misinformation.""",True,correct
"Says a newannual report shows that ""West Virginias tourism industry has grown for the second consecutive year, reversing years of decline and outpacing national growth by 58 percent.""",True,correct
Says the cartels are so bad in a Mexicanborder state that the U.S. government issued a Do Not Travel warning -- the same warning it issued for Syria.,True,correct
"""If we make no changes over the next 10 years, Americans will reach into their pockets and pay out about $11 trillion on insurance premiums, copays, deductibles and uncovered medical expenses.""",True,correct
"""President Trump has sent 14,000 American troops to the (Middle East) region since May. So he can't tell his political rallies that he's getting troops out of endless wars when he's sending 14 times the amount back into the region.""",True,correct
"Americans ""say that what they want is a choice"" to join a single-payer system like Medicare rather than ending private insurance.",True,correct
"""West Virginia Department of Education reported over 10,000 children and youth have been identified as homeless for the 2018-2019 school year.""",True,correct
"Minneapolis ""city government preemptively informed the Target Center that it would be responsible for $530,000 in security and other costs"" related to a Trump rally, ""more than 26 times the estimated security costs for a 2009 Target Center health care rally held by President Barack Obama.""",True,correct
"""More than half of death row prisoners are people of color.""",True,correct
"""U.S. agricultural & food exports are expected to increase more than $2 billion annually under #USMCA""",True,correct
"""One unnamed donor gave $17 million to the Leo-affiliated Judicial Crisis Network to block the nomination of Judge Merrick Garland and to support Gorsuch; then a donor  perhaps the same one  gave another $17 million to prop up Kavanaugh.""",True,correct
"Thirty-four of the 47 men depicted in the famous ""Declaration of Independence"" painting were slaveholders.",True,correct
"""There are 390 million guns out on the streets of a country of 329 million people.""",True,correct
"""America has more governors whove worn blackface than black governors.""",True,correct
"Floridas red flag gun law has been used ""about five times a day.""",True,correct
"""The law says that mental health must be treated the same as physical health,"" but coverage by health insurers is unequal.",True,correct
"""If you go back, you can see Wayne LaPierre, who runs the NRA, testifying in front of Congress in favor of background checks 15 or 20 years ago.""",True,correct
"""More Americans are uninsured today than when (President Donald) Trump took office.""",True,correct
"""Studies show at the minimum wage, you cant rent a two-bedroom apartment anywhere in the United States...a modest, two-bedroom apartment.""",True,correct
"Rep. Ilhan Omar ""voted yes"" to ""provide further funding for the 9/11 First Responders Victims Fund"" while Sen. Rand Paul ""voted no.""",True,correct
"""Triggering leftists, Trump's reelection campaign is selling plastic straws.""",True,correct
"""Food Stamp participation hits 10 year low.""",True,correct
"""The wealthiest three families now own more wealth than the bottom half of the country.""",True,correct
"""The typical black family in this country has one-tenth the wealth of the typical white family.""",True,correct
"In 2018, when he ran for senator, ""young voter turnout in early voting was up 500%. We won more votes than any Democrat has in the history of the state of Texas.""",True,correct
"""The United States is the ONLY industrialized country without universal healthcare.""",True,correct
"""I actually in 2005 ran on Medicare for all.""",True,correct
"""Weve had a 30% increase in suicides in this country in just 15 years.""",True,correct
"""Texas actually leads in the number of (Confederate) monuments removed.""",True,correct
"""Im one of the first guys to introduce a climate change bill, way, way back in 87.""",True,correct
"""The unemployment rate for Wisconsin workers has reached historic lows. Its never been this low before, ever, ever, ever.""",True,correct
"""The enumeration clause speaks to the count of every individual, and not just Americans, not just citizens.""",True,correct
"""All the ponds in Missouri for which we have data are causing groundwater contamination.  This is a statewide issue.""",True,correct
"Says 74% of people in Texas are ""crammed into 4% of the land.""",True,correct
"""Big pharmaceuticals pay off  they literally pay off  generics to keep the prices and the competition off the market.""",True,correct
"""Since 2011, we have documentation of 1,671 dead bodies we have recovered in Texas, many in Brooks County.""",True,correct
"""The 2008 election was the first election in which voters of color comprised over 25 percent of the electorate, and that number is going up.""",True,correct
"""In New York State, Democrats blocked a Bill expanding College Tuition for Gold Star families after approving aid for illegal immigrants.""",True,correct
"The Affordable Care Act ""provided over 200,000 West Virginians with health care coverage.""",True,correct
"""Wisconsin (has) the highest infant mortality rate for black babies nationwide.""",True,correct
"""Right now, 1 in 4 Texas women of reproductive age are uninsured, totaling 1.5 million Texas women.""",True,correct
"For Cabinet posts, ""I have the best voting record against Trump nominees of anyone else running for president""",True,correct
"Says an ICE detainer request ""is not a valid warrant.""",True,correct
"29 states still dont have ""comprehensive protections"" for people in the LGBTQ community.",True,correct
"California has ""the largest death row in the Western Hemisphere, the largest death row in the United States of America  two times the size of the next largest state: Florida.""",True,correct
"The Boeing 737 Max 8, the type of plane that crashed in Ethiopia, continues to fly in the United States, despite the FAA saying ""software updates are likely coming.""",True,correct
"West Virginia has ""the nations lowest workforce participation rate, which hovers around 50 percent, when the national average is about 63 percent.""",True,correct
"""More than a million Californians"" do not have ""clean water to bathe in or drink.""",True,correct
"""Todays minimum wage worker making $7.25 an hour has less buying power than a minimum wage worker in the 1960s.""",True,correct
"""I have more military experience than anybody whos arrived behind that desk since George H.W. Bush.""",True,correct
"New York has passed ""the best paid family leave"" program in the United States of America.",True,correct
"The National Defense Authorization Act for fiscal year 2019 ""includes the largest pay raise in nearly 10 years.""",True,correct
"The poverty rate in West Virginia ""was 19.1 percent, the fourth-highest in the country.""",True,correct
"Says Ann Coulter said, ""I am a settler. I am descended from settlers  not from immigrants.""",True,correct
"At General Motors, CEO Mary Barra ""took home almost 22 MILLION DOLLARS last year alone (295x your company's average employee).""",True,correct
"The United States ""spends more on potato chips than we do on ALL energy R&D.""",True,correct
"""We have lost more lives in the last two years"" due to opioids ""than all of the lives lost during the Vietnam War.""",True,correct
"Says Joe Manchin ""refused to commit to Kavanaugh until AFTER the Senate had the votes.""",True,correct
Trump supporters are heading to the border as the migrant caravan approaches.,True,correct
"""West Virginia added the highest percentage of new construction jobs in 2017 in the United States, at 14.4%. This amounted to 4,300 additional jobs! In fact, #WV was the only state with double-digit growth!""",True,correct
"""Household income among Hispanic Americans has just set a new record high.""",True,correct
"West Virginia ""has the highest overdose rate per capita of any state in our nation.""",True,correct
"""Matt Rosendale supports plans that dont have to cover (pre-existing conditions).""",True,correct
"""Black lung cases are at a 25-year high.""",True,correct
"""The poverty rates for African Americans and Hispanic Americans -- its been incredible, theyve all reached their lowest levels in the history of our country.""",True,correct
"Says Rick Scotts ""hospital company stole millions, defrauding the militarys health care program.""",True,correct
"""Since passage of the Tax Cuts and Jobs Act, Walmart 'increased their starting wage to $11/hr & has given about $400 million in bonuses.'""",True,correct
Most of Kathy Mannings donors are from out-of-state.,True,correct
"""Close to half of the children"" in California are ""at or near poverty,"" when you consider cost-of-living.",True,correct
"Says Sean Hannity told listeners of his radio show that ""Beto ORourke is asking for help in getting undocumented to vote.""",True,correct
"Says a Josh Hawley lawsuit ""would take away important prescription drug coverage for seniors through Medicare and end all of the consumer protections under the ACA.""",True,correct
Says the Trump administration transferred $10 million from FEMA to ICE.,True,correct
"Says Texas ""high school graduation rates are at all-time highs.""",True,correct
"""For only the second time since 2000, there are more job openings than Americans who are unemployed.""",True,correct
"Says Beto ORourke ""has a criminal record that includes DWI and burglary arrests.""",True,correct
"Says Leah Vukmir ""claimed the open records law didn't apply to her, got sued, lost and cost taxpayers $15,000 in legal fees.""",True,correct
"In 2017, ICE ""arrested more than 127,000 illegal immigrants with criminal convictions or facing charges of breaking our nation's laws,"" and removed nearly 5,000 gang members.",True,correct
"""Lets talk about the facts and where we are today. There are still nearly 2,600 children who are separated from their parents""due to the Trump administrations zero-tolerance policy.",True,correct
"""The Railroad Commission of Texas has nothing to do with railroads.""",True,correct
"""The three wealthiest people"" own ""more wealth than the bottom half of the American people.""",True,correct
"""There isn't a system"" for reuniting families separated under Trumps zerotolerance border policy.",True,correct
"""Migrant mother and crying girl on Time cover never separated.""",True,correct
"""Since taking office, we have enacted more than $8 billion in cumulative tax relief.""",True,correct
"""When you tally up their representation in Congress and governorships, the Democrats almost have their lowest representation in about 100 years.""",True,correct
"Says most of Austins biggest parks have recycling though as ""many as 293 out of 300"" Austin city ""parks have no recycling, including almost every neighborhood park.""",True,correct
"Says ""our indicted Attorney General Ken Paxton is back to being the only statewide official in the country under indictment.""",True,correct
"""Weve been down this road beforeblanket protectionism is a big part of why America had a Great Depression.""",True,correct
"""Its against the law in Texas to let any loaded gun get in the hands of a child.""",True,correct
"""Democrats mistakenly tweet 2014 pictures from Obamas term showing children from the Border in steel cages.""",True,correct
"""Senator Cryin Chuck Schumer fought hard against the Bad Iran Deal, even going at it with President Obama, & then Voted AGAINST it! Now he says I should not have terminated the deal""",True,correct
"""Taking into account inflation, the federal minimum wage is actually worth less than what it was worth 50 years ago.""",True,correct
"""You know what Amazon paid in federal income taxes last year? Zero.""",True,correct
"After the minimum wage for tipped workers was raised in Maine, the state ""reversed that decision due to restaurant employees organizing en masse against the measure.""",True,correct
"""A majority of Americans now live in states where they have decided to legalize cannabis,"" including recreational and medicalmarijuana.",True,correct
"""Here are the facts: there is no massive wave of migrants pouring into California. Overall immigrant apprehensions on the border last year were as low as theyve been in nearly 50 years (and 85 percent of the apprehensions occurred outside of California).""",True,correct
"New York has ""among the highest tax burdens of any state in the nation""",True,correct
"West Virginia ""has the highest overdose death rate in the nation.""",True,correct
"""California is 49th out of 50 in the United States in per capita housing units. Only Utah can lay claim to being lowest in per capita production.""",True,correct
"""Half of the American women who are murdered are killed by their intimate partners.""",True,correct
Says China and Singapore impose the death penalty on drug dealers.,True,correct
"""We are last in the nation in startups  50th.""",True,correct
Says Stephen F. Austin and James Bowie promoted slavery.,True,correct
"""Its now constitutional to ban [assault weapons] in Illinois. Yet, the Illinois General Assembly has failed to allow other cities to have that opportunity.""",True,correct
"""The impending work stoppage is unlawful.""",True,correct
"About New York state: ""We have the highest debt per capita.""",True,correct
"Says that as a judge, she has ""presided over more than 10,000 cases.""",True,correct
"""The past president (Barack Obama) brought Al Sharpton into the White House something like 80 times.""",True,correct
"""Rep. Paul Gosar asks Capitol Police to arrest illegal immigrants attending State of the Union.""",True,correct
"""New York consistently ranks as one of the worst voting turnout states in the nation.""",True,correct
"""New York has the third lowest rate of gun-caused death in America.""",True,correct
"""70 percent of the income tax that the state collects happens to come from Westchester, Nassau, Suffolk and New York City""",True,correct
"""Small business confidence is at an all-time high.""",True,correct
"Reauthorizing the Childrens Health Insurance Program ""for six years saves $1 billion"" and doing it for 10 years saves $6 billion.",True,correct
"Says Donald Trump's use of the term ""fake news"" to undermine journalism ""seems (to have) inspired dictators and authoritarians.""",True,correct
"""The graduation rate in New York City has increased by 50 percent in 13 years""",True,correct
"The White House staff risks violating federal ethics rules if they participatein Donald Trumps ""fake news awards.""",True,correct
These guys are now pretty much living up to the @BruceRauner standard. And falling dismally short of the @MittRomney standard. Even Romney released his full tax returns.,True,correct
"""The No. 1 job vacancy in Florida every month for seven years has been nursing.""",True,correct
"""When I saw corruption and sexual harassment cover-ups I called on Sheldon Silver to resign.""",True,correct
"""Were growing union jobs faster than Illinois.""",True,correct
"""Our tax code has nearly doubled since 1985.""",True,correct
"90 percent of Americans ""support universal background checks"" for gun purchases.",True,correct
"Some states hit hardest by opioid deaths ""have more opioid prescriptions than residents.""",True,correct
"Says his time away from Washington coincides with a ""long planned renovation"" for the White House.",True,correct
The new tax will make soda sold in Chicago among the most expensive in the country.,True,correct
"The Inland Empire is ""the second fastest growing region"" for jobs in California.",True,correct
"""Seven years later, (Scott Walker) has not hit his first campaign promise of creating 250,000 jobs.""",True,correct
"Says Jon Ossoff ""doesn't even live in (his) district.""",True,correct
"""There are currently 6 million jobs available in this country that are due in part to the skills gap.""",True,correct
"""How many federal rulings have NOW found intentional discrimination by #Txlege since 2011? 6.""",True,correct
"For 22 percent of N.H. Meals on Wheels recipients, the delivery driver is ""the only human contact in their life from week to week.""",True,correct
"""Pot today is not the weed baby boomers were smoking.""",True,correct
"""Syria and Nicaragua are the only nations that didn't sign the Paris Agreement. Nicaragua said it wasn't tough enough.""",True,correct
"""President Obama became the first president since Carter to leave the White House with a smaller federal prison population than when he took office.""",True,correct
"""Planned Parenthood is the biggest abortion provider in the country.""",True,correct
"""General Flynn got his clearance from the Obama administration.""",True,correct
"""China account(s) for 90 percent of North Korean trade.""",True,correct
"The estimated price of President Trumps border wall is the same as the cost of ""one and a half aircraft carriers.""",True,correct
"""There's no real evidence in the last 20 years that"" growth from tax cuts has made up lost revenue.",True,correct
"""We're experiencing a net outflow of illegal, undocumented workers from America back to Mexico.""",True,correct
"Illegal immigrationon the U.S.-Mexico border is ""the lowest in 17 years.""",True,correct
"""Trump looking to open up E Coast & new areas for offshore oil drilling when Congress has passed no new safety standards since BP""",True,correct
"Says Milwaukee County Sheriff David A. Clarke Jr. has said Black Lives Matter ""is a terrorist movement, a hate group and calls it, Black LIES Matter.""",True,correct
"Says a Texas Senate committee considering ""private school voucher"" legislation randomly called people to testify regardless of when the people submitted requests to testify.",True,correct
"Says President Donald Trump ""had a different opinion"" in 2013 than he does now about whether (Barack) Obama should have intervened in Syria after Obama's red line was crossed.",True,correct
"""Afghanistan has more hectares (of opium poppies) planted today than they had before we started this war.""",True,correct
"""2.1 million jobs have been created in the last six or seven years"" in California",True,correct
"""More than half of Planned Parenthood facilities are in rural or medically underserved areas.""",True,correct
"""South Florida ranks No. 1 in the gap between wages and housing.""",True,correct
"Small businesses ""create two out of every three American jobs.""",True,correct
"""Florida is now the only state in the nation to tax commercial leases.""",True,correct
"During his campaign for president, Donald Trump ""committed to honoring states' rights when it comes to marijuana legalization.""",True,correct
"""For every extra year a girl goes to school, her income goes up 12 percent.""",True,correct
"Says ExxonMobil ""fought to kill"" a rule requiring oil and mining companies to disclose payments made to foreign governments.",True,correct
"""Not a single Democrat opposed Neil Gorsuch's confirmation in 2006.""",True,correct
"""About three-quarters of (Syrian refugees) are women and children. A full third of them are kids under 12 years old.""",True,correct
"""All of our taxpayers are paying roughly 22% of the U.N. budget.""",True,correct
"""The exodus of citizens from New York State has been growing.""",True,correct
"California has ""the highest poverty rate in the nation"" when considering the U.S. Census Bureaus Supplemental Poverty Measure.",True,correct
"The uninsured rate in California reached ""a historic low of 7.4 percent in 2016.""",True,correct
"The federal government is prohibited ""from negotiating lower prescription drug prices for our senior citizens.""",True,correct
"""More college graduates are living at home than in decades.""",True,correct
"""Jackie Evanchos album sales have skyrocketed after announcing her inauguration performance.""",True,correct
"""On Oct. 7, the Access Hollywood tape comes out. One hour later, WikiLeaks starts dropping my emails.""",True,correct
"Says Donald Trump ""thinks stop-and-frisk is fine.""",True,correct
Hillary Clinton in 2005 co-sponsored legislation that would jail flag burners.,True,correct
"Texas spends ""more per day to house an inmate than we do on a student.""",True,correct
"Says John Bolton supported the Iraq War and said last year that""I still think the decision to overthrow Saddam was correct.""",True,correct
"Financial conflict-of-interest ""laws don't apply to the president, right? So, the president doesn't have to have a blind trust.""",True,correct
"""Spanish was the first European language spoken in this country.""",True,correct
"Says Richard Burr ""was one of only three senators who voted against a ban on insider trading for members of Congress. And he called that vote brave.""",True,correct
"Says Russ Feingold said that with Obamacare, ""we could keep our doctors and our plans, it was rated as the Lie of the Year.""",True,correct
"Says Donald Trump ""wants to undo marriage equality.""",True,correct
"Department of Veterans Affairs doctors ""are prohibited from recommending medical marijuana.""",True,correct
"""Were already bombing seven countries.""",True,correct
"""Zephyr Teachout says she is against Super PACs despite taking money from Super PAC donors""",True,correct
"""We have 17 intelligence agencies, civilian and military, who have all concluded that these espionage attacks, these cyberattacks, come from the highest levels of the Kremlin, and they are designed to influence our election.""",True,correct
"Says Warren Buffett has publicly said his secretary ""should not be paying a higher tax rate"" than him.",True,correct
"""Marco Rubio made it clear: Not only does he think Donald Trump is a con man, hewent on to say he doesn't trust Donald Trump with the nuclear codes.""",True,correct
Says over 90 percent of Travis Countys eligible residents have registered to vote.,True,correct
"""We've had Muslims in America since George Washington.""",True,correct
"Says Donald Trumps tax plan gives the wealthy and corporations ""more than the Bush tax cuts by at least a factor of two.""",True,correct
"""When Moammar Gadhafi was set to visit the United Nations, and no one would let him stay in New York, Trump allowed Gadhafi to set up an elaborate tent at his Westchester County (New York) estate.""",True,correct
"""Trump Management was charged with discriminating against African-Americans and breaking federal law.""",True,correct
"Says Donald Trump'sfoundation ""took money other people gave to his charity and then bought a six-foot-tall painting of himself.""",True,correct
"Heroin comes in the United States ""from the southern border.""",True,correct
"""Heroin .. pours across our southern borders.""",True,correct
"Says Dick Cheney ""supported gay marriage sooner""than Hillary Clinton.",True,correct
"""As governor, Ted Strickland left only 89 cents in Ohios rainy day fund.""",True,correct
"Says Hillary Clinton ""wants to increase Syrian refugees to this country by 550 percent.""",True,correct
"Tom Reed ""has actually voted for every single trade deal that has ever come before him in any form.""",True,correct
"""The Dallas Cowboys cant put a sticker on their helmets for the 5 police officers who were killed.""",True,correct
"Says Alex Jones ""said that the victims of the Sandy Hook massacre were child actors and no one was actually killed there.""",True,correct
"Both the Democratic and Republican candidates for president in 2016 are ""quite unpopular.""",True,correct
"Says Marco Rubio ""voted against the bipartisan Violence Against Women Act.""",True,correct
"Says Scott Walker's ""listening sessions"" are ""invite-only and excluding the press.""",True,correct
"""Almost half a million people are still eligible (for DACA), particularly in the Asian-American and Pacific Islander community.""",True,correct
"""In Congress right now, we're doing the best job we have ever done in women in the federal legislature,"" but its still only ""19 percent.""",True,correct
"""Most Americans support"" the legalization of marijuana.",True,correct
"""50% of Hispanic students count on Pell Grants to pay for college.""",True,correct
"Donald Trump is ""against marriage equality. He wants to go back.""",True,correct
"""The mosquito population in South Florida is larger than it is in many other communities in the country.""",True,correct
"""Illinois suffered 1,652 overdose deaths in 2014 ... of which 40 percent were associated with heroin. Illinois is ranked number one in the nation for a decline in treatment capacity between 2007 and 2012, and is now ranked the third worst in the country for state-funded treatment capacity.""",True,correct
"""Ninety percent of Americans want our background check system strengthened and expanded to cover more gun sales.""",True,correct
"""I wake up every morning in a house (the White House) that was built by slaves.""",True,correct
"""An amendment, pushed by Lyndon Johnson many years ago, threatens religious institutions with a loss of their tax-exempt status if they openly advocate their political views.""",True,correct
"""Our trade deficit in goods reached nearly  $800 billion last year alone.""",True,correct
"""Forty-three million Americans are on food stamps.""",True,correct
"""For decades, the states gas tax has been among the highest in the nation.""",True,correct
"""A shocking 20 veterans are committing suicide each and every day, especially our older veterans.""",True,correct
"The United States is ""the oldest democracy"" in the world.",True,correct
"Says Donald Trump ""wants to get rid of the federal minimum wage.""",True,correct
"Proposed NClaw for body camera footage gives police ""broad authority to keep video footage secret  even from individuals who are filmed.""",True,correct
"""Risk analysts listed Donald Trump, a Donald Trump presidency, as one of the top threats facing the global economy, ahead of terrorism.""",True,correct
"SaysDonald Trump called pregnant employees ""an inconvenience.""",True,correct
"""The LGBT community is more often the victims of hate crimes than any other recognized group.""",True,correct
"Says Hillary Clinton ""said she was under attack (in Bosnia) but the attack turned out to be young girls handing her flowers.""",True,correct
"Says Kelly Ayotte ""voted again yesterday against a proposal to expand background checks -- (buyers) can continue to simply go online or to gun shows to purchase guns without background checks.""",True,correct
"""Swaziland has the highest rate of HIV infection in the world.""",True,correct
"""Nine million people have lower-cost HIV/AIDS medicine because of the work of the Clinton Foundation and my husband.""",True,correct
"""Only half of the murders in the city of St. Louis get solved.""",True,correct
"Says Donald Trump mocked ""someone with a disability.""",True,correct
"Since 1978, college ""tuition nationwide has gone up something like four times the rate of inflation.""",True,correct
"Sayvideo ""shows massive alligator strolling across Florida golf course.""",True,correct
"""Vietnamese is the third most commonly spoken language in Texas.""",True,correct
"""When I was secretary of state, I had a very high approval rating.""",True,correct
"""You can import as many hemp products into this country as you want...but we cant grow it.""",True,correct
"""We now do have evidence"" that Donald Trump is being used as a recruiting tool for terrorists.",True,correct
"Under Donald Trump's tax plan, ""the top 0.1 percent of taxpayers -- people earning multiple millions of dollars a year, on average -- would get more tax relief than the bottom 60 percent of taxpayers combined.""",True,correct
"""The United States has a low voter turnout rate.""",True,correct
"""Austin is number one in Texas in startups, venture capital and patents.""",True,correct
"The city of Clarkston ""cant decriminalize marijuana. Only state legislators and Congress can do that.""",True,correct
"Says $15-an-hourproposal in Cleveland is ""the most aggressive minimum wage increase in the country.""",True,correct
"""Closing the tobacco loophole would save Missouri taxpayers $50,000,000""",True,correct
"North Carolina has ""one of the fastest growing populations as well as the fastest growing economy in the country.""",True,correct
"""Pat Toomey advocated for eliminating all corporate taxes.""",True,correct
"""I earned more votes in the state of Wisconsin than Donald Trump did in New York.""",True,correct
"""Right now, here in Texas, wind power is already cheaper than dirty fossil fuels.""",True,correct
"States with ""the highest gun ownership rates also have the highest suicide rates.""",True,correct
"""More people are struck by lightning than commit in-person voter fraud"" by impersonation.",True,correct
"""Bernie Sanders passed more roll call amendments in a Republican Congress than any other member.""",True,correct
"""According to the Centers for Disease Control and Prevention (CDC), about 120 Americans on average die from a drug overdose every day. Overall, drug overdose deaths now outnumber deaths from firearms.""",True,correct
"""Six justices"" on the U.S. Supreme Court have been ""confirmed in presidential election years since 1912.""",True,correct
"""Gun violence is by far the leading cause of death for young African American men, outstripping the next nine causes of death combined.""",True,correct
"""We understand that this heroin is primarily coming from Mexico, over the border.""",True,correct
"""The Walton family of Walmart ... This one family owns more wealth than the bottom 40 percent of the American people.""",True,correct
"""Theres no correlation between primary turnout and wins in the fall in the last 11 elections.""",True,correct
"""There have been multiple media reports about (Donald Trump's) business dealings with the mob, with the mafia.""",True,correct
"""Building a wall"" on the U.S.-Mexico border ""will take literally years.""",True,correct
"""African-Americans are more likely to be arrested by police and sentenced to longer prison terms for doing the same thing that whites do.""",True,correct
"""The African-American community lost half of their wealth as a result of the Wall Street collapse.""",True,correct
"China is ""practicing how to blow up our satellites.""",True,correct
"""Texas is growing twice as fast as the rest of the country.""",True,correct
"""Our businesses have created jobs every single month since (Obamacare) became law.""",True,correct
"""Lets start with the premise that Rhode Island already has one of the 10 strictest [gun laws] amongst all the states.""",True,correct
"Says American polling shows Russian President Vladimir Putin has ""an 80 percent approval rating.""",True,correct
"""Twenty-five percent of our kids in foster care are there because their parents are involved in drugs.""",True,correct
"""The world food demand is going to double sometime between now and 2070.""",True,correct
"Says President Barack Obama ""will not utter the words radical Islamic terrorism and as matter of policy, nobody in the administration will say the words radical Islamic terrorism.""",True,correct
"""More black babies are aborted in NYC than born.""",True,correct
"""Instead of fighting ISIS, (the Saudis) have focused more on a campaign to oust Iran-backed Houthi rebels in Yemen.""",True,correct
"Wisconsins 6th congressional ""district has more manufacturing jobs than almost any other"" in the nation.",True,correct
Says income tax rates under Eisenhower were as high as 90 percent.,True,correct
"""There are more words in the IRS code than there are in the Bible.""",True,correct
"""Marco Rubio spent $400K of your tax dollars remodeling offices, and building a members-only lounge.""",True,correct
"""Most Americans are ready to put it [marijuana prohibition] behind us and move on.""",True,correct
"""Dark money spending"" in the 2016 election cycle ""is 10 times what it was at the same point in the 2012 election cycle,"" when it topped $308 million.",True,correct
"""60 percent of all Americans do not want to see Planned Parenthood defunded.""",True,correct
"""Sen. Sanders did vote five times against the Brady bill.""",True,correct
"Says Donald Trump ""supports eminent domain"" and the Supreme Courts Kelodecision.",True,correct
"""90% of Americans want national background checks that close loopholes.""",True,correct
"Says ""Bernie Sanders was there when it came to (same-sex) marriage 20 years ago. ... He was there when it wasn't popular.""",True,correct
"""Six of the 10 richest counties in the United States surround Washington, D.C.""",True,correct
"On the main GOP presidential debate:""Not one candidate on the debate stage has military experience  """,True,correct
"""Just about half of rural hospitals operate in the red in Virginia. They operate at a loss.""",True,correct
"""The marijuana that kids are smoking today is not the same as the marijuana that Jeb Bush smoked 40 years ago.""",True,correct
"""The State of Texas is funding  womens health services at historically high levels; they just increased their level another $50 million for the next two years.""",True,correct
"""Trump proposed enacting the largest tax increase in American history.""",True,correct
"""Of the 25 wealthiest nations, we're the only one that doesn't provide basic health coverage.""",True,correct
"""Saudi Arabia has the third-largest military budget in the entire world.""",True,correct
"""More Americans have died from guns in the United States since 1968 than on battlefields of all the wars in American history.""",True,correct
"Says Ron Johnson ""opposes entirely a federal minimum wage,"" except perhaps for ""guest workers.""",True,correct
"""To vote in Mexico every eligible Mexican citizen has to have a tamper-proof photo-ID card with a thumbprint and an embossed hologram.""",True,correct
"""Last year, we had zero percent growth in GDP in Virginia ...The only states that did worse than us were Alaska and Mississippi.""",True,correct
"""There are actually only 30 countries that practice birthright citizenship.""",True,correct
"""Youre more likely to get struck by lightning in Texas"" thanfind in-person voter fraud.",True,correct
"Says Donald Trump has ""changed his mind"" on abortion.",True,correct
"""As governor of Florida I defunded Planned Parenthood.""",True,correct
"Wisconsins ""rainy day fund"" is ""165 times bigger than when we first took office.""",True,correct
"Says Donald Trump ""has supported a Canadian-style universal health care system.""",True,correct
Says Bill and Hillary Clinton attended Donald Trump's last wedding.,True,correct
"""The actual deportations from the interior of the country are way down"" under President Obama.",True,correct
"""In New Orleans, nearly100 percent of our kids are in charter schools.""",True,correct
"Despite what Donald Trump claims, ""there werent 15,000 people who turned out in Phoenix"" to see Trump speak.",True,correct
"Only five states, including Georgia, do not have a hate crimes law.",True,correct
"""If you want to vote in"" Texas, ""you can use a concealed-weapon permit as a valid form of identification, but a valid student ID isnt good enough.""",True,correct
"""46 percent of women between the age of 16 to 24 despise sexual contact"" in Japan.",True,correct
"""This March, for the first time in human history, the monthly average carbon dioxide in our atmosphere exceeded 400 parts per million. The range had been 170-300 parts per million for hundreds of thousands of years.""",True,correct
"""The top25 hedge fund managers (are) making more than all of America's kindergarten teachers combined.""",True,correct
"""You can fill out your tax return in Estonia online in five minutes.""",True,correct
"""One out of five of our children live in a family thats on food stamps.""",True,correct
"""For the first time in 35 years, we have more businesses dying than we do starting.""",True,correct
"Says Sen. Rand Paul, R-Ky., has stated that supporting the ""right to health care ... means you believe in slavery.""",True,correct
"""The United States is one of only seven nations that allows elective abortions after 20 weeks post-fertilization.""",True,correct
"Georgia is on track for 1,200 traffic fatalities this year, a reversal of nine years of declines.",True,correct
"Says Mike Huckabee appeared in diabetes infomercials to endorse ""cures and treatments that no health agency supports.""",True,correct
"An audit shows ""there are 6.5 million people who have active Social Security numbers who are 112 years of age or older,""",True,correct
"Wisconsin's non-discrimination law ""doesn't protect members of the trans-gender community.""",True,correct
"""More than 30 cents of every state tax dollar goes to Medicaid.""",True,correct
"""You cant build a Christian church in Saudi Arabia.""",True,correct
"""Did you know that the U.S. is one of the very few nations in the world without an official language?""",True,correct
"""White people control almost 90 percent of the nation's wealth.""",True,correct
"Liberty University students ""were mandated"" to attend Sen. Ted Cruzs presidential announcement ""or they would be fined.""",True,correct
"Ted Cruz was ""the longest-serving solicitor general in the history of Texas.""",True,correct
"""America produces more oil and gas than any other nation in the world.""",True,correct
"Six of the nations 10 wealthiest counties, ""according to median income, are in and around the Washington, D.C. area.""",True,correct
"""The Clintons' foundation took millions from foreign governments"" including United Arab Emirates and Saudi Arabia.",True,correct
The potential Iran nuclear agreement would limit Iran to the number of centrifuges needed for a weapon but too few for a nuclear power program.,True,correct
"Last year, ""we saw the first reduction in the federal prison population in 32 years.""",True,correct
"A bill to eliminate Delta Air Lines jet fuel tax breaks ""violates federal law and puts the state at risk of losing critical funding from the Federal Aviation Administration.""",True,correct
"""Measles is one of the most common causes of child blindness worldwide.""",True,correct
"Science is ""very certain"" that the measles vaccine doesn't cause autism.",True,correct
Says the COVID-19 vaccine doesnt prevent catching or spreading the virus and only lasts months.,False,incorrect
"""Peak active cases of COVID-19 for 2020 vs. 2021 show this is not a pandemic of the unvaccinated.'""",False,incorrect
Photo shows a gravestone in Japan with a QR code.,False,incorrect
"Hundreds of thousands died after taking the advice of these celebrities, who are aiding and abetting mass murder by advocating COVID-19 vaccination.",False,incorrect
CDC says expect a polio-like outbreak coming in children in the next four months.,False,incorrect
The Pfizer COVID-19 vaccine is not approved.,False,incorrect
My opponent wants to abolish law enforcement.,False,incorrect
Ida was the strongest hurricane to ever strike anywhere in the United States.,False,incorrect
"Says Alexandria Ocasio-Cortez spent $30,000 to attend the Met Gala and God knows how much on that dress.",False,incorrect
Video shows a child who tested positive for COVID-19 being separated from their parents.,False,incorrect
"""The top 1% pays 90% of income taxes.",False,incorrect
Farmers stand in silence at auction so a young man can buy back his family farmhouse.,False,incorrect
I dont believe the science suggests that young people should be vaccinated. I dont believe that young people should have to wear masks at school. Im not sure the science is settled on that at all.,False,incorrect
FEMA forcibly vaccinating Ida evacuees.,False,incorrect
"""Ivermectin sterilizes the majority (85%) of the men who take it.""",False,incorrect
The Texas abortion law provides at least six weeks for a person to be able to get an abortion.,False,incorrect
All Americans in Afghanistan who have wanted to come out have come out.,False,incorrect
Video shows Pfizer lab in Madrid on fire.,False,incorrect
The US government is trying to create food shortages by telling farmers to destroy their crops.,False,incorrect
"If these (telecom and internet) companies comply with the Democrat order to turn over private information, they are in violation of federal law and subject to losing their ability to operate in the United States.",False,incorrect
A video shows the Taliban hanging someone from a helicopter.,False,incorrect
Photos show the U.S. service members killed in a 2021 suicide bombing in Kabul.,False,incorrect
The mRNA COVID-19 vaccines are really gene therapy.,False,incorrect
Friendly reminder: Cigarettes are FDA approved.,False,incorrect
Thalidomide was FDA-approved for pregnant women in the 1960s.,False,incorrect
"""Norfolk naval base has been taken by NATO.""",False,incorrect
75 doctors in South Florida walked out in protest as their hospital was flooded with unvaccinated COVID-19 patients,False,incorrect
Pfizer CEO has not yet had vaccine.,False,incorrect
Al-Qaida is gone from Afghanistan.,False,incorrect
"COVID-19 vaccinations are a violation of the Nuremberg code.""",False,incorrect
Coca-Cola has lost $4 bil in market value as people are boycotting Coke for their try to be less White statement.,False,incorrect
Says Donald Trump won Arizona.,False,incorrect
"In the 2020 presidential election, 4,255 ballots in Fulton County, Georgia, were scanned multiple times and 3,390 went to Biden.",False,incorrect
U.S. sanctions mean Cuba cant trade with any country or any company whatsoever.,False,incorrect
"Says that in the 2020 presidential election in Maricopa County, Ariz., ""74,243 mail-in ballots were counted with 'no clear record of them being sent.'""",False,incorrect
Protest video shows resistance to President Macrons plan for mandatory COVID vaccinations of all French citizens.,False,incorrect
"""There is clear legal authority to handcuff and put in leg irons legislators that are trying to stop the legislature from being able to do business.""",False,incorrect
Headlines show CNN published contradictory reports about hydroxychloroquine in 2020.,False,incorrect
Says showing up at the front doors of peoples houses and violating HIPAA laws by requesting private medical information regarding their vaccination status is unacceptable and illegal.,False,incorrect
BREAKING: Pennsylvania initiated a FULL audit of the RIGGED ELECTION,False,incorrect
"It now appears there actually was meaningful voter fraud in Fulton County, Georgia, last November. That is not a conspiracy theory. It's true.",False,incorrect
A bodyguard of a high-ranking Democrat in Congress fired the shot that killed Ashli Babbitt on Jan. 6.,False,incorrect
There were no guns whatsoever at the Capitol riot on Jan. 6.,False,incorrect
Says CNN reported that Joe Biden authorized a U.S. intervention in Haiti after the assassination of President Jovenel Mose.,False,incorrect
Says this crowd video shows the ongoing protests in Cuba.,False,incorrect
Says Facebook imposes a 7% limit on a users sharing.,False,incorrect
"Haiti, Tanzania and Madagascar refused the COVID-19 vaccines and now all three of their presidents have died unexpectedly.",False,incorrect
Lauren Boebert received a PPP loan for her restaurant.,False,incorrect
Sudden Infant Death Syndrome is absolutely a side effect of vaccination.,False,incorrect
A study found an 82% miscarriage rate among women between 30 days and 20 weeks pregnant who got an mRNA COVID-19 vaccine.,False,incorrect
A Canadian mayor said Muslims must integrate after they demanded removal of pork in all school canteens in Montreal.,False,incorrect
"""Records suggest more than 100 batches of absentee ballots in Fulton County could be missing.""",False,incorrect
"In Texas, the power companies have automatically raised the temperature of people's thermostats in the middle of a heatwave without their permission.""",False,incorrect
"Says George Floyd died ""because he had a system full of fentanyl and meth,"" and beat women and held guns to their pregnant bellies.",False,incorrect
"""The person that shot Ashli Babbitt  boom  right through the head  just boom  there was no reason for that.""",False,incorrect
Facebook said that if you support the NRA you will get kicked off.,False,incorrect
"The Pfizer COVID-19 vaccine is ""99% graphene oxide,"" which is ""toxic to the human body and causes a number of problems.",False,incorrect
Says Nancy Pelosi wont let Capitol police testify about what happened Jan. 6.,False,incorrect
Members of the US Womens National Soccer team turned their backs on the flag as a 98-year-old World War II veteran played the anthem.,False,incorrect
Rebecca Washington is set to replace ShaCarri Richardson on the U.S. Olympic team.,False,incorrect
LOL stands for Lucifer our Lord. Satanists end their prayers by saying Lucifer our Lord.,False,incorrect
Cook Countys criminal courts have been shut down for 15 months.,False,incorrect
California literally just told everyone to not charge their electric cars due to power shortage.,False,incorrect
Says the Make-A-Wish Foundation will grant wishes only to fully vaccinated children.,False,incorrect
"Carnage"" is being caused ""by people who are coming across the border.""",False,incorrect
A photo shows Mike Tyson wearing a T-shirt with an anti-vaccine message.,False,incorrect
Military ready to act on audit results! in Arizona,False,incorrect
"Funeral directors say no one is dying from COVID and ""the only ones dying are from the vaccine.""",False,incorrect
Says John McAfee tweeted before his death that he stored computer files in the Florida condo building that later collapsed.,False,incorrect
Airlines begin to ban vaccinated people after Pilots die due to vaccine,False,incorrect
"""The Second Amendment, from the day it was passed, limited the type of people who could own a gun and what type of weapon you could own.",False,incorrect
Says the U.S. government caused the coronavirus pandemic because it sent mRNA coronavirus vaccine candidates to university researchers weeks before the COVID-19 outbreak.,False,incorrect
"Says Gov. Ron DeSantis just signed legislation requiring students, faculty and staff at Floridas public universities and colleges to register their political views with the state.",False,incorrect
mRNA technology in COVID-19 vaccines was never tested in humans.,False,incorrect
"""Suicide is the second-leading cause of death among 15-19 year olds and 25-34 year olds in Missouri.""",True,correct
"Over the past five years, the American automobile industry has ""created about 500,000 new jobs.""",True,correct
"""Supreme Court 15 times over the last 120 years has said marriage is a fundamental right"" and never said ""it had to be between a man and a woman.""",True,correct
"""Colorado raked in $60 million in marijuana taxes and licensing fees in the past year.""",True,correct
"""My wife is going to be the first Hispanic first lady in the history of Texas.""",True,correct
"""We're spending millions for each individual"" held at Guantanamo Bay, Cuba.",True,correct
"The U.S. has ""5 percent of the worlds population, 25 percent of the worlds known prison population.""",True,correct
"""The United States right now incarcerates more African-Americans as a percentage than apartheid South Africa did.""",True,correct
"Unlike marijuana, medical cannabis oil cannot get you high.",True,correct
"""There are more African American men in prison, jail, on probation or parole than were enslaved in 1850.""",True,correct
"""Too many"" tattoos ""on visible body parts"" keepsome applicants out of the military.",True,correct
Georgia ranks No. 9 in the rate of women murdered by men.,True,correct
"Congress has 11 percent approval ratings, yet 96.4 percent of incumbent lawmakers were re-elected in 2014.",True,correct
"""We have the third-lowest minimum wage  of developed countries.""",True,correct
"""Before World War II, very few people actually had health insurance.""",True,correct
"Says Sen. Rand Pauls 2011 budget ""included a big cut in the CDC.""",True,correct
"A lawyer demanded ""several Houston pastors hand over to the city government many of their private papers, including their sermons.""",True,correct
"""Ninety-five percent of Oregonians now have health insurance coverage, tens of thousands for the very first time.""",True,correct
"Says Rick Scott changed his promise from700,000 jobs created ""on top of what normal growth would be"" to just 700,000 jobs.",True,correct
"Says Scott Brown ""co-sponsored legislation to let employers deny women coverage for birth control.""",True,correct
"""Countries bombed: Obama 7, Bush 4""",True,correct
"The U.S. Constitution is ""the oldest written constitution still in use today"" among nations.",True,correct
"Since I took office, ""Wisconsin ranks 11th in the nation in total business establishment growth compared to 47th in the years Mary Burke was Commerce secretary.""",True,correct
"More people are apprehended after illegally crossing the U.S.-Mexico border a week ""than are born in Texas each week.""",True,correct
"""Eight out of the nine states with competitive Senate races, Hispanics make up less than 10 percent of the electorate.""",True,correct
Opponent Glenn Hegar expressed pride in legislated cuts to public school funding.,True,correct
"""Wisconsins dead last in Midwest job growth.""",True,correct
"Wisconsin is ""dead last in income growth"" among midwestern states during Gov. Scott Walkers term.",True,correct
The No. 1 cause of death for African-American males15-34 is murder.,True,correct
"""The majority of Austinites rent"" the places they live.",True,correct
"""Washington has incentivized the militarization of local police precincts.""",True,correct
"Says Keene, N.H., requested a ""military-grade armored personnel truck,"" citing their annual Pumpkin Festival as ""a possible target"" for terrorists.",True,correct
"""The minimum number of infrastructure (needs) in Atlanta is $900 million.""",True,correct
"Uncompensated care has ""gone down by 30 percent just in the first few months"" of Medicaid expansion in the states that adopted it.",True,correct
"San Antonio is ""now the largest city in the United States ever to have an African American woman mayor.""",True,correct
"""It's been 17 years that we've had unemployment higher than the national average in Oregon.""",True,correct
"""More women are graduating from college now than men.""",True,correct
"""Black voter turnout in 2012 exceeded the rate of white voter turnout, even in the states with the strictest voter ID laws.""",True,correct
"""There are already more American jobs in the solar industry than in coal mining.""",True,correct
"""The number of terrorists out there"" has doubled.",True,correct
"Wisconsin was the ""first state to ban public and private sector employment discrimination based on sexual orientation.""",True,correct
"Says Dan Patrick has ""called immigration into Texas an invasion"" and ""said immigrants coming into Texas bring third-world diseases.""",True,correct
"A record number of immigrants not from Mexico are ""being apprehended at the border.""",True,correct
"FIFA ""pressured Brazil into passing a so-called Budweiser bill, allowing beer sales in soccer stadiums.""",True,correct
"Brazil built a $300 million stadium in the Amazon rainforest that ""is only going to be used for four World Cup games,"" and theres no team ""that can fill it afterwards.""",True,correct
"""Marijuana is less addictive than both alcohol and tobacco.""",True,correct
Rick Perry doesnt think there should be a federal minimum wage.,True,correct
"""Ninety-seven percent of the time. Thats how often Mark Warner votes with President Obama.""",True,correct
"""A white family is likely to have about six times as much wealth than a black or Hispanic family coming out of the recession.""",True,correct
"""Did you know US population growth is at its lowest since the Great Depression?""",True,correct
"Americans spend ""6.1 billion hours a year"" on tax preparation.",True,correct
"""The Koch brothers are one of the biggest polluters in the country.""",True,correct
"The National Science Foundation awarded $700,000 to fund a climate change musical.",True,correct
"""Todays marijuana is 300 percent to 800 percent more potent than the pot of yesteryear.""",True,correct
"Says Sen. Mitch McConnell is ""the No. 1 recipient of contributions from lobbyists this cycle.""",True,correct
You can buy lobster with food stamps.,True,correct
"""Ted Cruz has been to Iowa four times. Rio Grande Valley of Texas -- just once.""",True,correct
"""In Oregon, students are skipping math class to learn about the Bible.""",True,correct
"""The majority support (raising) the minimum wage.""",True,correct
"""The average family (is) now bringing home $4,000 less than they did just five years ago.""",True,correct
"Says ""Bill Clinton and George Bush both say build the Keystone XL.""",True,correct
"""Over the past three years, deep poverty has reached its highest level on record.""",True,correct
"""Crimea became part of Ukraine only in 1954. Crimea was historically part of Russia, and (Nikita) Khrushchev gave it to Ukraine in a gesture that mystified some people.""",True,correct
"Says the U.S. Supreme Court found that ""Social Security is not guaranteed.""",True,correct
"The words ""subhuman mongrel,"" which Ted Nugent called President Barack Obama, were used by the Nazis to ""justify the genocide of the Jewish community.""",True,correct
"The Keystone pipeline creates ""35 permanent jobs"" after construction, according to a government report.",True,correct
"During the past four years, ""average wages have barely budged.""",True,correct
"Travis County is ""surrounded by red counties.""",True,correct
"""(M)ore Georgians have jobs than at any other time since October 2008.""",True,correct
"""The Obama administration has used the Espionage Act to go after whistleblowers who leaked to journalists ... more than all previous administrations combined.""",True,correct
Nearly 40 percent of his McAllen-area constituents suffer from obesity.,True,correct
"""Texas has the highest rate of uninsured in the nation. ... And there are more uninsured children in Texas than in any other state.""",True,correct
"""Medicare costs have slowed down dramatically. In fact, the first two months of this fiscal year, Medicare costs were down even in nominal terms relative to the previous year.""",True,correct
"Iran President Hassan ""Rouhani has more Cabinet members with Ph.D.s from American universities"" than members of Barack Obamas Cabinet.",True,correct
"""The Walton family, which owns Wal-Mart, controls a fortune equal to the wealth of the bottom 42 percent of Americans combined.""",True,correct
"""We, the bishops of the United States -- can you believe it -- in 1919 came out for more affordable, more comprehensive, more universal health care.""",True,correct
"""Just days ago, Iran's Supreme Leader (Ali) Khamenei, who will oversee implementation of this agreement, was calling Israel a 'rabid dog' and accusing the United States of war crimes.""",True,correct
"The United States ""has never been richer, if you look at per capita GDP.""",True,correct
"""A million people  could get health insurance right away"" if Texas expanded Medicaid under Obamacare.",True,correct
"Says Rick Scott ""didnt even come to his own education summit. But he did take time to go to the tea party convention the same week.""",True,correct
"""Rand Pauls speech ... on 'Gattaca' was totally ripped off of Wikipedia.""",True,correct
"""Photo ID is not required for those who vote by mail.""",True,correct
The U.S. Supreme Court decided in 1982 that non-citizen children must get free K-12 education.,True,correct
"If the government shuts down, ""all military personnel will continue to serve and accrue pay but will not actually be paid until appropriations are available.""",True,correct
The very first meal on the surface of the moon was the Holy Communion.,True,correct
"President Barack Obama ""had the legal authority"" to strike Syria without a vote from Congress.",True,correct
"""The government does not need a warrant to read your old emails.""",True,correct
Americans spend more than $160 billion and 6 billion hours per year complying with the tax code.,True,correct
"Fleeing Syria, ""a million children are now refugees.""",True,correct
"""Sixty percent of the auto thefts that we have in (St. Petersburg) are caused by people leaving their keys in the car.""",True,correct
"Says President Franklin Delano Roosevelt ""felt there wasnt a need in the public sector to have collective bargaining because the government is the people.""",True,correct
"Says Florida refused to allow theinsurance commissioner to ""negotiate lower rates with companies or refuse rates that are too high"" under Obamacare.",True,correct
"""This year, the overwhelming majority of new jobs are part time.""",True,correct
Says Eric Trump said he raised nearly $30 million for children dying of cancer at St. Jude before the age of 30.,False,incorrect
"Says Dr. Anthony Fauci in an email ""advises a family member to use (hydroxychloroquine) and antibiotic therapy, the same evening in which in a press conference he attacked (President Donald Trump) on the usefulness of (hydroxychloroquine) to fight the virus.",False,incorrect
The WORLD HEALTH ORGANIZATION recently reversed its stance on children getting the Covid vaccine.,False,incorrect
Hawaii to no longer recognize out-of-state drivers licenses.,False,incorrect
A 9-0 Supreme Court ruling is very rare.,False,incorrect
World Health Organization wants to BAN all women aged 18-50 from drinking alcohol.,False,incorrect
The unvaccinated have escaped every single strain or 'variant of SARS-CoV-2.,False,incorrect
"Gov. Gavin Newsom has no power or authority to extend the state of emergency in California because it expired automatically on May 6, 2020.",False,incorrect
AstraZeneca means weapon that kills.,False,incorrect
We see an uncompleted wall that was duly appropriated dollars during the Trump days to build over 700 miles. Only 150 miles were constructed.,False,incorrect
Cuomo opens New York 72 hours before his daughter's wedding.,False,incorrect
Says the Novavax COVID-19 vaccine dumps millions of dangerous spike proteins right into your body.,False,incorrect
The FBI building in Washington is completely closed. No ones in there.,False,incorrect
"The COVID-19 vaccines spike protein is very dangerous, it's cytotoxic.",False,incorrect
"""The Congressional Budget Office, a nonpartisan office, did an analysis and said that passing comprehensive immigration reform will reduce the federal deficit by $200 billion over the next decade.""",True,correct
"""More than 72 percent of children in the African-American community are born out of wedlock.""",True,correct
"""Every single month since 1985 has been warmer than the historic average. All 12 of the warmest years on record have come in the last 15 years.""",True,correct
"Says ""our deficits are falling at the fastest rate in 60 years.""",True,correct
"""The income of the top 1 percent nearly quadrupled from 1979 to 2007, but the typical familys incomes barely budged.""",True,correct
"Food stamp spending ""doubled under President Bush, doubled again under President Obama.""",True,correct
"Says Austin is the ""largest city in America without a congressional district anchored in it.""",True,correct
"""It is against the law for the NSA to record or monitor Americans phone calls without getting a specific FISA warrant to do so.""",True,correct
Says spending in the fiscal 2009 budget was lower than spending in the fiscal 2014 budget,True,correct
"""There was no surge in 501(c)(4) applications in 2010.""",True,correct
"""Nearly 6 out of 10 believe that money and wealth should be more evenly distributed among a larger percentage of the people in the U.S.""",True,correct
"The Obama administration has put out ""more of these major rules than the Clinton administration or the Bush administration during comparable times.""",True,correct
"""Nothing in the Constitution explicitly guarantees our right to vote.""",True,correct
Says he has sued the Obama administration 25 times.,True,correct
"Says new Medicare billing guidelines ""have nine codes for (injuries by) turkeys.""",True,correct
"""The NRA used to support expanded background checks.""",True,correct
"Polls show that Americans ""overwhelmingly"" support ""expanding background checks.""",True,correct
"Says ""a pack-a-day smoker who quits because of the tax increase will save about $1,650 a year.""",True,correct
"""The Social Security disability fund is going belly up in 2016.""",True,correct
"""Within the three miles surrounding the University Circle area, infant mortality exceeds some Third World countries.""",True,correct
Says 90 percent of Americans and 74 percent of National Rifle Association members support background checks of gun purchasers.,True,correct
Says carbon monoxide is still employed to euthanize dogs and cats in 29 Texas animal shelters.,True,correct
"""It is legal in Ohio to fire an employee or evict a tenant just for being gay.""",True,correct
"""If you go back to 1999, Wayne LaPierre testified on behalf of the NRA that background checks were appropriate and should be done.""",True,correct
"""Do you know that, statistically, when you take the SAT a second time, one third of the people that take the SAT, even if they've been studying, will get a lower score than they did the first time around?""",True,correct
"""More than 64 percent of minimum-wage earners are women.""",True,correct
"""When (John) Brennan ... was asked directly  Is there any geographic limitation to your drone strike program? Brennan responded and said, no, there is no limitation.""",True,correct
"""More than 80 percent of Americans believe we need to have universal background checks.""",True,correct
"""There have been literally hundreds of new tax preferences and loopholes added to the code since 1986, last time we did this.""",True,correct
Felony crimes in the city of Atlanta are the lowest they have been since 1969.,True,correct
Says wrestling was a favorite sport of Abraham Lincoln.,True,correct
"""The 12 hottest years on record have come in the last 15 years.""",True,correct
Says Texas is last in workers' compensation coverage.,True,correct
Says abortions are decreasing.,True,correct
"""Three in four low-income workers dont have any paid sick days available.""",True,correct
Says Texas ranks last in the percentage of residents with high school diplomas.,True,correct
"""A majority of Americans agree with"" a ban on assault weapons. ""And by the way, so did Ronald Reagan.""",True,correct
"""Forty-seven percent of (members of Congress) are millionaires.""",True,correct
"""Approximately 43 percent of all college grades today are A's, an increase of 28 percentage points since 1960.""",True,correct
"Says according to the FBI, more people are killed each year with hammers and clubs than rifles.",True,correct
"""Spending of government money is 17 percent less than it was a decade ago.""",True,correct
We have the fourth highest in-state tuition for public universities in the country.,True,correct
"Since 1968, ""more Americans have died from gunfire than died in  all the wars of this country's history.""",True,correct
"Emails show that Fauci knew ""hydroxychloroquine worked [and] emailed friends about it being effective.""",False,incorrect
Says a 2010 Rockefeller Foundation report shows the COVID-19 pandemic and the international response were meticulously planned at least 10 years ago.,False,incorrect
Says professional soccer player Christian Eriksen received the Pfizer vaccine days before he collapsed during a game.,False,incorrect
Coca-Cola made cans that say Try to be less white.,False,incorrect
Jamaica becomes the first country to make K-pop illegal.,False,incorrect
"The COVID-19 vaccines make people ""magnetized. They can put a key on their forehead, it sticks. They can put spoons and forks all over them, and they can stick.""",False,incorrect
"Says Marjorie Taylor Greene said, People are dying who have never died before.",False,incorrect
"Tim Tebow says he is wearing #85 to honor his former friend/teammate and fellow TE Aaron Hernandez, who passed away in 2017.",False,incorrect
Says Bruno Mars is Michael Jacksons son.,False,incorrect
The Eisenhower interstate system requires that one mile in every five must be straight.,False,incorrect
Viral immunologist says COVID-19 vaccines spike protein means people are being inoculated with a toxin.,False,incorrect
Faucis emails leaked.,False,incorrect
In 38 days Pelosi and Schiff are up for reelection. Nadler up June 23.,False,incorrect
"""Absent from the news  Dominion lost their lawsuits against Rudy Giuliani and Sidney Powell.""",False,incorrect
COVID-19 vaccines are creating the coronavirus variants.,False,incorrect
"Says Luc Montagnier said, There is no hope and no possible treatment for those who have been vaccinated already. We must be prepared to incinerate the bodies.",False,incorrect
You cant donate plasma after getting a COVID-19 vaccine.,False,incorrect
Video shows Israels defense system.,False,incorrect
Businesses aren't allowed to ask customers if theyve been vaccinated because there are HIPPA laws.,False,incorrect
Black Lives Matter says it stands with Hamas terrorists in Israeli conflict.,False,incorrect
"""The entire Database of Maricopa County in Arizona has been DELETED!""",False,incorrect
"""There is no law that deals specifically with the term partial-birth abortion.",False,incorrect
"About 40% to 50% of CDC, FDA employees are refusing the COVID-19 vaccine, according to Anthony Fauci and FDAs Peter Marks.",False,incorrect
Merriam-Webster recently changed its definition of anti-vaxxer to include people who oppose laws that mandate vaccination.,False,incorrect
"""When you can't find gas, remember who executively ordered the Keystone Pipeline to close.""",False,incorrect
Says photos show a boneyard of electric cars abandoned in France because the cars batteries were too expensive to replace.,False,incorrect
Transmission of COVID-19 by asymptomatic individuals has never been proven.,False,incorrect
Photo shows plastic bags filled with gas in someones car trunk in South Carolina.,False,incorrect
U.S. Census Bureau confirms huge conflict in total number of voters in 2020 election.,False,incorrect
"""Michigan has requested a full forensic audit.""",False,incorrect
All charges were dropped against Bill Cosby and he was granted an early release.,False,incorrect
"""15-year-old boy passes away from heart attack two days after Pfizer COVID-19 experimental jab.""",False,incorrect
A year ago we had the lowest unemployment in history without using taxpayers money.,False,incorrect
"Joe Suffers Brain Fart! Biden Visits Elementary School, Asks The Children If Theyre High Schoolers (VIDEO).",False,incorrect
"The Green New Deal costs an average American household almost $700,000 through 2029.",False,incorrect
"California Gov. Gavin Newsom just let 76,000 inmates out of jail.""",False,incorrect
"Parents in Vail, Arizona just took over the school board  all according to the rules. Voted in a whole new board, and immediately removed the mask mandate.",False,incorrect
"If you get the COVID-19 vaccine, you can't donate blood or plasma ""because it's completely tainted.""",False,incorrect
"An audit of the 2020 election in Maricopa County, Ariz., is confirming the rumors that real ballots have a special watermark.",False,incorrect
"It's illegal for a college, public school or employer to ""mandate"" the vaccine because it was authorized for emergency use.",False,incorrect
Very few  if any states have a minimum wage of $7.25 an hour.,False,incorrect
UN cultural agency removes birthplace of Jesus from its list of heritage sites.,False,incorrect
Joe Bidens 100-day approval rating is the lowest in American history.,False,incorrect
A quarter of a million illegal votes found in Arizonas audit.,False,incorrect
Bill Gates fights to keep vaccine ingredients secret.,False,incorrect
You didn't see Republicans when we had control of the Senate try to rig the game.,False,incorrect
Says Joe Biden was the only world leader to wear a face mask during a video conference.,False,incorrect
"Says Joe Biden said, This country is doomed, not just because of African Americans, but because by 2040 this country is going to be minority white European.""",False,incorrect
"""Mountains of data"" show drug ivermectin ""basically obliterates"" COVID-19 transmission.",False,incorrect
"Statistics show thatmore people of color don't have cars than not.So how do(drive-thru voting centers)help those folks?""",False,incorrect
Black Lives Matter and antifa set Catholic church on fire in Minneapolis.,False,incorrect
Stanford study results show face masks are ineffective and dangerous.,False,incorrect
Foot Locker donated 200 million dollars to BLM.,False,incorrect
Derek Chauvin had his left hand in his pocket while kneeling on George Floyd.,False,incorrect
A serial killer is on the loose in Virginia.,False,incorrect
Texas could be very close to herd immunity.,False,incorrect
Police say there is a suspected serial killer in Baton Rouge.,False,incorrect
Says the nation is locked down and theres a wide open border.,False,incorrect
"Says Joe Biden is withholding $150 million in aid from Ukraine to pressure Ukraine to drop all criminal investigations into him and his son, Hunter.",False,incorrect
Moderna chief medical officer admits: mRNA alters DNA.,False,incorrect
"A serial killer is targeting women in Hot Springs, Ark.",False,incorrect
Says the 1986 Vaccine protection act resulted in the biggest jump in shots for children because it gave drug manufacturers exemption for responsibility of killing people.,False,incorrect
"""DMX received COVID vaccine days before heart attack.""",False,incorrect
"George Floyds younger brother, Dejywan Floyd, has been arrested in North Carolina for a road rage shooting of a white couple, killing the mother of six sitting in the passenger seat.",False,incorrect
56 million defenseless people rounded up and exterminated in the 20th Century because of gun control.,False,incorrect
"""Sunday was never used before as a voting day in Georgia.",False,incorrect
Report: Biden administration busing thousands of illegals to red states to get permanent status.,False,incorrect
6000% Increase in Reported Vaccine Deaths 1st Quarter 2021 Compared to 1st Quarter 2020,False,incorrect
The Biden administration is engaging in human trafficking because they are enabling this to happen at the southern border.,False,incorrect
"Per the CDC, there are nearly twice as many vaccine-related deaths so far in 2021 (1,755) than all the vaccine deaths this past decade (994).",False,incorrect
"In this photo, Man uses a gun to rob a Texas convenience store. Man was shot by every customer inside the store",False,incorrect
"""Theyre unable to administer vaccines if the lockdown ends because the emergency ends with it.",False,incorrect
The tax deadline is April 18th. Do your taxes soon.,False,incorrect
"If I dont take the vaccine, Im at risk for covid. If I do take the vaccine, Im still at risk for covid PLUS Im at risk for permanent vaccine side effects. Therefore Im reducing my risk by not taking the vaccine. Thats the real science.",False,incorrect
"If the voting bill H.R. 1 is passed, absentee ballots would be mailed out to anyone without proof of the voters identity.",False,incorrect
Toxicology report was made public by the MN prosecution revealing the cause of George Floyds death was a fentanyl overdose.,False,incorrect
"""There are 43 states that have now passed voter suppression laws.""",False,incorrect
"""Ted Cruz says owning a gun should be as hassle free as owning a car, which as I recall requires a license and registration.""",False,incorrect
"""80% of people taking the Moderna vaccine had significant side effects, via Bill Gates.""",False,incorrect
"The president of Drag Queen Story Hour was arrested, charged with child pornography.",False,incorrect
"Finally, a judge has ruled Dominion voting machines were designed to create  fraud.",False,incorrect
The southern U.S. border is now open to anyone from anywhere in the world who wishes to enter our country.,False,incorrect
The movie I am Legend was based in the year 2021 and people turned into zombies because of the wrong vaccine.,False,incorrect
Aluminum is in the vaccine and will hurt the brain.,False,incorrect
Says Disneyland is enforcing a no scream policy on roller coasters.,False,incorrect
"Pelosis $1.9 trillion bailout gives EVERY federal employee a $21,000 bonus check they never lost their job!",False,incorrect
"Says Burisma admitted in a Ukrainian court to paying Joe Biden $900,000.",False,incorrect
"Says Candace Owens tweeted, Yes, my husband did cheat on me with my brother. Yes, he said no when I asked to join.",False,incorrect
The Atlanta shooting suspect wrote an anti-China post on Facebook prior to the shootings.,False,incorrect
70% of Georgians said they would vote for Trump in 2024.,False,incorrect
Donald J. Trumps signature is on the new stimulus checks.,False,incorrect
"Next week has a time change, full moon and Friday the 13th.",False,incorrect
"Vitamin D, vitamin C, colloidal silver and black seed oil can kill the coronavirus.",False,incorrect
Schumer and Pelosi sneak funding into COVID bill.,False,incorrect
A video shows a nurse pretending to vaccinate actor Anthony Hopkins before squirting fluid in the syringe on the floor.,False,incorrect
Says Joe Biden executive orders caused price increases of 50 cents in gas and 10% in food.,False,incorrect
Schools banning Dr. Seuss books.,False,incorrect
Ballots in Arizonas Maricopa County from the 2020 presidential election found shredded and in dumpster days before Senate audit to begin.,False,incorrect
Video suggests Dr. Anthony Fauci said vaccines dont protect against COVID-19.,False,incorrect
"The voting bill known as H.R. 1 would mean that millions of illegal immigrants are quickly registered to vote.""",False,incorrect
Biden took down Dr. Seuss and Mr. Potato Head.,False,incorrect
"The voting bill known as H.R. 1 ""would force states to adopt universal mail-in ballots.",False,incorrect
"""While he was president, President Trump never encouraged Americans to get vaccinated.""",False,incorrect
"Says he requested 10,000 National Guardsmen for his Jan. 6 rally, but Nancy Pelosi rejected it.",False,incorrect
Instagram has been limiting our posts so that no more than 7% of our friends see our posts.,False,incorrect
All of the science and data say its perfectly safe to have teachers and students in the classroom.,False,incorrect
"America has 133 million registered voters, but 159 million votes were cast in the 2020 presidential election.",False,incorrect
"Says Joe Biden has effectively ordered a shutdown of ICE, halting virtually all deportations, everyone, murderers, everybody, no more.",False,incorrect
Identification is required to get into Washington DC.,False,incorrect
"The Biden administration halted deportations for all illegal aliens  murderers, rapists, terrorists, MS-13 gang members are not being deported.""",False,incorrect
"If you take the vaccine, you'll be enrolled in a pharmacovigilance tracking system. It means that you've enrolled yourself in a medical trial.",False,incorrect
"Obama ""said (the individual mandate) wasn't a tax.""",True,correct
"Ronald Reagan ""raised taxes in 1982, 1984, 1985, 1986 and 1987.""",True,correct
"""Gov. Romney was very clear, he would veto the DREAM Act.""",True,correct
"""A million people a year come into the U.S. legally. No other country even comes close to that figure.""",True,correct
"Says lawyer appointed by Eric Holder to investigate government leaks helped and donated to Obama's campaign, vetting vice presidential prospects.",True,correct
Says Barack Obama has played nearly 100 rounds of golf as president.,True,correct
"President Obama budget request for veterans is""more than double the amount in constant dollars appropriated in 1980, when the veterans population was larger by a third.""",True,correct
"""Water transportation is the most fuel efficient, least polluting, safest, and least expensive means of moving cargo.""",True,correct
"Says ""one in four women and one in seven men have been victims of domestic violence in their lifetime.""",True,correct
"Obama promised to cut the deficit by half by the end of his first term but he ""hasn't even come close.""",True,correct
"New Jersey has ""the highest property taxes in the nation and not by a little. They are the highest property taxes in the nation, more than double the national average.""",True,correct
"Says Mitt Romney is proposing a ""tax cut that gives an average of $250,000 to every millionaire in this country.""",True,correct
"Says legislative cuts mean Texas is ""spending on average $500 less per student.""",True,correct
"""The Democrat-controlled Senate, it hasn't passed a budget in more than 1,000 days.""",True,correct
"In the past three years, ""we've added enough new oil and gas pipeline to circle the Earth and then some.""",True,correct
"The Buffett Rule ""will bring in less than $5 billion per year. ... Enough to pay one weeks interest on the national debt.""",True,correct
"""The federal government owns tens of thousands of properties that are vacant or underused.""",True,correct
"""Tourism accounts for 439,000 jobs in the state of Ohio, and visitors spend $36 billion annually.""",True,correct
"""Congress as a whole is less popular than its been since polling was invented.""",True,correct
Says opponent Ted Cruz has not led businesses.,True,correct
"Says the Pentagon has never passed a financial audit. In fact, the Pentagon is exempt from a federal law that requires all federal agencies to complete annual audits.",True,correct
"Says the United States ""actually exports more gasoline, diesel and other fuels than it imported in 2011 for the first time since, I think, 1949.""",True,correct
"""Our rainy day fund has gone from 89 cents to $240 million.""",True,correct
"""Republicans in Congress refuse to list a single tax loophole they are willing to close.""",True,correct
Says Barack Obama has played over 90 rounds of golf as president.,True,correct
"""More children die in agricultural jobs than in any other industry.""",True,correct
"Last year, ""Exxon pocketed nearly $4.7 million every hour.""",True,correct
"""Every poll you see, the overwhelming majority of people want [E-Verify].""",True,correct
"""More than half of the births in Texas are paid for by Medicaid.""",True,correct
"""New business startups are at the lowest levels in 30 years.""",True,correct
Says Romney flip-flopped on abortion.,True,correct
"Says he ""cut taxes by more than $600 million"" when he wasgovernor.",True,correct
"""If we keep the minimum wage at the current level, then single-parent families earning the minimum wage at a full-time job will live in poverty in New Jersey.""",True,correct
"""Between 1982 and 2007 the cost of a college education increased 439 percent.""",True,correct
"Wisconsin is called the Badger State because ""our ancestors came here with the hopes of living the American dream by mining.""",True,correct
"""Gingrich supported individual health insurance mandates.""",True,correct
Sixteen million jobs were created under Ronald Reagan's presidency.,True,correct
"Says Mitt Romney said he does not ""line up with the NRA.""",True,correct
"Says ""Rick Santorum supported (Arlen) Specter over conservative candidates twice.""",True,correct
"""Florida ranks 45th"" in the nation for tuition.",True,correct
"Says Republican U.S. Senate candidate Ted Cruz ""opposes the DREAM Act, which is supported by 85% of Latinos.""",True,correct
"Says Scott Walker enacted ""the biggest cuts to education in our states history.""",True,correct
"Says a 1915 referendum on womens right to vote ""went down in New Jersey. And it took the Legislature to pass it.""",True,correct
You may have driven the length of a football field in the five seconds it takes to check a text.,True,correct
"""91 percent of Latinos support the DREAM Act, which allows undocumented youth to attend college,"" but Marco Rubio opposes it.",True,correct
"""If you take into account all the people who are struggling for work, or have just stopped looking, the real unemployment rate is over 15 percent.""",True,correct
"""One out of every three automobile fatalities can be attributed to alcohol.""",True,correct
"""Today, for the first time in fifteen years, Master Locks unionized plant in Milwaukee is running at full capacity.""",True,correct
"In July 1996, Mitt Romney helped locate the missing teenage daughter of a partner at Bain Capital.",True,correct
Says Jerry Nadler said God has no authority in the House of Representatives,False,incorrect
Says Joe Biden said a racial slur.,False,incorrect
Insulin prices rose with the swipe of (Joe Bidens) pen.,False,incorrect
Says a video captures sound from the surface of Mars,False,incorrect
"Just for the record, the Biden Administration IS separating children and parents.",False,incorrect
"Says President Joe Biden canceled Trumps child sex ring operation, which saw thousands of arrests last year.",False,incorrect
"Says Coca-Cola CEO James Quincey said, A few right winged nuts wont affect our bottom line.",False,incorrect
"Oil is now $61.30 a barrel and rising drastically! On Jan. 5, it was about $25 a barrel.",False,incorrect
Nancy Pelosi has invited all illegals to her mansion at 2724 Pacific Ave San Francisco CA.,False,incorrect
"""There's no evidence that white supremacists were responsible for what happened on Jan. 6. That's a lie.",False,incorrect
Joe Biden is handing our power grid to the Chinese Communist Party.,False,incorrect
"New evidence ties COVID-19 creation to research funded by Fauci""",False,incorrect
"""BUSTED: CDC Inflated COVID Numbers, Accused of Violating Federal Law""",False,incorrect
Newly discovered video shows late night deliveries of tens of thousands of illegal ballots 8 hours after deadline.,False,incorrect
"Trump assassination foiled, Deep State in panic mode!",False,incorrect
"Joe Biden ""really did wipe away"" student loan debt.",False,incorrect
The White House was dark for 10 nights in a row.,False,incorrect
"""A lot of these migrants that are coming, we have no way to screen their backgrounds for either health or for security.""",False,incorrect
Myanmar used Dominion Voting Systems.,False,incorrect
The Biden administration lost 20 million COVID vaccines.,False,incorrect
Masks have negative impacts on 68% of children.,False,incorrect
"Says Joe Biden said, I dont know what Im signing, while signing a document.",False,incorrect
Biden invested the entire family fortune in Ukraine gas and oil. Then shuts down Keystone pipeline. Starting to get the picture.,False,incorrect
Says Bill Gates said at least 3 billion people need to die from the planet.,False,incorrect
Says Biden's Rolex belonged to his late son Beau.,False,incorrect
Says Donald Trump offered his hotel to our troops to sleep in after they were put in a car garage.,False,incorrect
Hank Aarons death was caused by a COVID-19 vaccine.,False,incorrect
Says the Biden administration labeled Libertarians terrorists.,False,incorrect
National Guard members turned their backs on Bidens motorcade on Inauguration Day.,False,incorrect
Says Joe Exotic was pardoned.,False,incorrect
Military brass band plays Hit the Road Jack as Trump leaves office.,False,incorrect
A $15-per-hour minimum wage would raise the price of a Taco Bell burrito to $38.,False,incorrect
Says Joe Biden has plans to ban animal agriculture and gas-powered cars.,False,incorrect
Says Joe Biden stayed silent about violence at Black Lives Matter protests.,False,incorrect
"Photo shows Rep. Lauren Boebert with Capitol rioters before she gave them a tour of the building ""one day before the insurrection.""",False,incorrect
Republicans have no way to communicate after tech companies cut off Parler.,False,incorrect
"Says Joe Biden is on video ""admitting to"" election fraud in a ""confession.""",False,incorrect
Nancy Pelosi is no longer the Speaker of the House,False,incorrect
Says Mike Pence changed his Twitter banner photo to Biden and Harris.,False,incorrect
"A CNN chyron said, Antifa has just taken responsibility for storming Capital Hill.",False,incorrect
Kamala Harris is planning to use the 25th Amendment against Joe Biden and appoint Mike Pence as her vice president.,False,incorrect
The storming of the Capitol was staged.,False,incorrect
1776 flag flying over White House! in January 2021. Revolution Signal.,False,incorrect
New York is trying to pass a bill that would allow them to round up non mask wearers and people who dont want to take the vaccine into concentration camps. Then with a court order they can force vaccinate you.,False,incorrect
"Says COVID-19 vaccines have experimental technology never before used on humans and that some contain nanochips which can electronically track recipients.""",False,incorrect
"A registered nurse in Nashville, Tenn., developed Bells Palsy after receiving the COVID-19 vaccine.",False,incorrect
Says Dr. Fauci lied about masks in March.,False,incorrect
"CDC COVID-19 survival rates are 99.997% for people ages 0 to 19, 99.98% for people ages 20 to 49, 99.5% for people ages 50 to 69, and 94.6% for people over 70.",False,incorrect
Chief Justice John Roberts visited Jeffrey Epstein's private island.,False,incorrect
21% of people are having serious adverse events from (the Moderna) vaccine.,False,incorrect
"6 states will cast their (electoral) votes for Trump AND for Biden, which will lead to a second Trump term.",False,incorrect
"The American Medical Association rescinded a previous statement and now says ""hydroxychloroquine is okay"" for COVID-19.",False,incorrect
"68% error rate in Michigan Voting Machines. Should be, by law, a tiny percentage of one percent.",False,incorrect
The percentage of Americans with natural immunity from getting COVID-19 is a very powerful vaccine in itself.,False,incorrect
Says that this year is the first time during his 27 years as senator that two African Americans have ever served on the same (Senate) committee.,False,incorrect
Photo shows MAYHEM in Oregon!,False,incorrect
"""You know what the biggest lie is, is that restaurants are spreaders of COVID. There's no science for that.""",False,incorrect
Head of Pfizer research: Covid vaccine is female sterilization.,False,incorrect
Images that show a 90-year-old UK woman receiving the Pfizer COVID-19 vaccine appeared online in a CNN news story in October.,False,incorrect
"The president got the highest percentage of minority votes of any Republican candidate for president in over 100 years.""",False,incorrect
Photo shows Kelly Loefflers house.,False,incorrect
"Says George Patton said, Politicians are the lowest form of life on earth. Liberal Democrats are the lower form of politicians.",False,incorrect
China recovered from COVID-19 without a vaccine.,False,incorrect
Video footage from Georgia shows suitcases filled with ballots pulled from under a table and illegally counted after election observers were told to leave.,False,incorrect
"""Beware - George Soros is starting a Fake News site in Missouri",False,incorrect
"Masks will kill quite a few people, its well known that they reduce blood oxygen levels and those with respiratory and cardiac disorders will die.",False,incorrect
Says Joe Biden plagiarized Donald Trump in his Democratic National Convention speech.,False,incorrect
Photo shows Bidens inaugural stage being built on the White House North Lawn.,False,incorrect
Democrats spent 4 years refusing to acknowledge Trumps 2016 victory.,False,incorrect
North Carolina Gov. Roy Coopers daughter is having a big wedding today. 500 people. Then going to lock you down on Monday.,False,incorrect
Says Biden wants a nationwide lockdown to combat a virus that has a 99%+ survival rate.,False,incorrect
Michigan just refused to certify the election results!,False,incorrect
Biden campaign director arrested for electoral fraud.,False,incorrect
Facebook removed the title of President from Donald Trump and designated him as Political Candidate.,False,incorrect
Ticketmaster is planning mandatory COVID vaccine identification for concert attendance.,False,incorrect
The media called the 2016 election for Hillary Clinton.,False,incorrect
"A judge has ordered a ""HAND RECOUNT by an INDEPENDENT COMMISSION in the state of Michigan, following hard evidence of voting fraud by Detroit City Election Commission.""",False,incorrect
Video shows trashed ballots for Donald Trump.,False,incorrect
Church bells rang in Paris and fireworks were set off in London to celebrate Joe Bidens presidential win.,False,incorrect
"Says 132,000 ballots in Fulton County, Ga., have been identified as likely ineligible, and President Trump might win Georgia as a result.",False,incorrect
CNN says Dick Cheney will be advising Biden on foreign policy.,False,incorrect
Mitt Romney has been asked to lead Health and Human Services in Biden administration.,False,incorrect
"Says The Washington Times ran a front-page headline that said, President Gore.",False,incorrect
An election worker in Georgia threw away a ballot.,False,incorrect
"A list shows over 14,000 dead people voted in Wayne County, Michigan.",False,incorrect
More poll workers caught filling out ballots in Delaware County Pennsylvania.,False,incorrect
Thousands of military ballots were found in the trash in Wisconsin.,False,incorrect
"If you were forced to use a Sharpie to fill out your ballot, that is voter fraud.",False,incorrect
"Detroit has 2,503 dead people registered including one voter born in 1823.",False,incorrect
Joe Biden was called for Michigan even though Donald Trump won more votes.,False,incorrect
"Now that its even, Nevada decides to stop counting and is now not going to count anything until TOMORROW! What?!",False,incorrect
Early morning election results from Michigan and Wisconsin show voter fraud.,False,incorrect
Wisconsin found 112k votes at 3am.,False,incorrect
"Says Joe Biden received a sudden influx of 138,339 votes in Michigan while Donald Trump received none.",False,incorrect
"Six states ""decided to stop counting"" votes as Donald Trump was ""headed for a win on election night.",False,incorrect
"Voters in Maricopa County, Ariz., were forced to vote using Sharpie pens that arent read by voting machines.",False,incorrect
NOT A JOKE: Ilhan Omar Tells Residents You Dont Have to be Registered to Vote in Minnesota.,False,incorrect
Trump has won the election with 294 electoral votes.,False,incorrect
"If Biden wins the election, there are people out there planning on mass murdering poc and lbgtq+ people. Please stay inside during the election and a few days after.",False,incorrect
Biden says he doesnt need voters to get elected.,False,incorrect
Kohl's confirmed that they will be selling BLM merchandise but are not selling back the blue at this time.,False,incorrect
Says Nancy Pelosis son served on the Burisma board with Hunter Biden.,False,incorrect
"Kamalas husband, a lawyer, represents the Communist Chinese Party in America!! Think about that!!",False,incorrect
Dems have removed any mention of God from their Platform.,False,incorrect
Photo shows Joe Biden doesnt wear a mask on a plane.,False,incorrect
"Our doctors get more money if somebody dies from COVID.  So what they do is they say, I'm sorry, but, you know, everybody dies of COVID.""",False,incorrect
Says Sean Connery wrote a letter to Steve Jobs refusing to be an Apple spokesman.,False,incorrect
There are people trying to make legal age of consent 4 years old.,False,incorrect
Says Jeff Foxworthy wrote a fence test for Republicans and Democrats.,False,incorrect
Says Trump didnt campaign on cutting the debt  Thats not what he promised to do.,False,incorrect
The majority of minimum wage workers...are mothers.,False,incorrect
"When asked about court-packing, Biden's staff immediately escorts the camera out.",False,incorrect
Says Kamala Harris said looters are just feeding their hungry kids.,False,incorrect
"In Nevada, they want to have a thing where you dont have to have any verification of the signature on ballots.",False,incorrect
Says North Carolina just landed an auto plant.,False,incorrect
Joe Biden confirmed his plan to abolish the entire U.S. oil industry.,False,incorrect
Says photo of Malia Obama's credit card next to white powder was found on Hunter Biden's laptop.,False,incorrect
More suicide deaths than coronavirus death past two months.,False,incorrect
U.S. is really not doing (COVID-19) reporting right because deaths are being improperly counted and hospitals have an incentive to pad stats.,False,incorrect
Says Hunter Biden died of a crack overdose.,False,incorrect
Biden admits to voter fraud.,False,incorrect
"The coronavirus ""was constructed in the Wuhan Institute of Virology.",False,incorrect
A yearbook photo shows Mark Kelly dressed as Adolf Hitler.,False,incorrect
"""Biden slipped up and came out saying hes going to tax your 401k. Are any of you EVEN paying attention?""",False,incorrect
Says Joe Biden had an iPad at his podium during the debate.,False,incorrect
Says Texas has lower taxes and less regulations than anywhere else in the U.S.,False,incorrect
Says Mark Kelly took to space a Chinese communist banner.,False,incorrect
Says Joe Biden repeatedly told Americans he's going to raise their taxes.,False,incorrect
The boilermakers union has endorsed me because I sat down with them and went into great detail with leadership [about] exactly what I would do.,False,incorrect
A photo shows women who gathered to scream at Trump through their vaginas.,False,incorrect
"Says Hunter Biden had 25,000 pics of him torturing and raping children under age 10 in China on his laptop.",False,incorrect
Photo shows Ice Cube and 50 Cent wearing Donald Trump hats.,False,incorrect
"Pennsylvania rejected 372,000 mail-in ballots",False,incorrect
WHO now says your childs presence in school counts as informed consent for vaccination - parental presence not required.,False,incorrect
"Says Joe Biden said, I lived in Section 8 housing as a little boy.",False,incorrect
A photo shows a massive crowd at a recent Florida rally for Donald Trump.,False,incorrect
Says Joe Biden calls Donald Trumps supporters the dregs of society.,False,incorrect
BREAKING NEWS: All Charges Dropped for Kyle Rittenhouse.,False,incorrect
"Your ballot could be disqualified if it is written on in Haltom City, Tex.",False,incorrect
"""Biden's plan is a 14% tax hike on middle class families.""",False,incorrect
CDC just cancelled Halloween for kids.,False,incorrect
Says Joe Biden took a knee during the national anthem.,False,incorrect
Says Joe Biden called for a jihad in a video.,False,incorrect
"Says Kamala Harris said, American churches are PROPAGANDA CENTERS for intolerant homophobic, xenophobic vitriol.""",False,incorrect
"Says Kamala Harris said, The American people arent equipped to make these decisions for themselves.",False,incorrect
Says ballots in Wisconsin are being dumped in rivers or creeks.,False,incorrect
Says Joe Biden and Kamala Harris support abortion up to the moment of birth.,False,incorrect
"As vice president, Kamala Harris would defund, dismantle, and dissolve police departments.",False,incorrect
Says Joe Biden is proposing a tax increase thats the largest in American history.,False,incorrect
Chris Christie is in ICU and reported to be put on a ventilator.,False,incorrect
Says Kamala Harris said there will be a federal tax on your home for reparations.,False,incorrect
Says Chris Christie told Donald Trump to interrupt Joe Biden during the debate because people who overcome stuttering have a harder time maintaining their train of thought when interrupted. Keep interrupting him and hell stumble when he tries to speak. This will enforce the senile narrative.,False,incorrect
"During the Obama/Biden administration 18,000 people got clemency.",False,incorrect
The government has released their initial plans to force a vaccine on everyone.,False,incorrect
Says Joe Biden stays in his basement.,False,incorrect
Biden and Obama allowed grown men in restrooms with little girls. Trump has rescued over 300 missing children from (pedophiles) and perverts.,False,incorrect
I dont think theres any doubt (Joe) Bidens senile.,False,incorrect
Poll watchers in Philadelphia were thrown out.,False,incorrect
"Before the coronavirus pandemic, the United States had the greatest economy in the history of our country.",False,incorrect
"""You said you went to Delaware State but you forgot the name of your college.""",False,incorrect
"""Cori Bush is a career criminal and a con artist.",False,incorrect
Says Jared Kushner deleted all of his tweets after the tax story broke.,False,incorrect
"Like Al-Qaeda and ISIS, Amy Coney Barrett has said her end goal is to end the separation of church and state & build a Kingdom of God in the United States.",False,incorrect
Kamala Harris has not formally taken questions from the press a single time since she was announced as Joe Bidens vice presidential pick.,False,incorrect
"Biden said today, if he loses, his people will keep burning, looting and killing.",False,incorrect
Says Judge Amy Coney Barrett said that gays have a right to be discriminated against because they are against Gods wishes and that white people are Gods chosen ones.,False,incorrect
"Coroner saying George Floyd died of drug overdose, not police brutality.",False,incorrect
Photo shows Dianne Feinstein bullying Lisa Murkowski over the now empty seat of the late Justice Ruth Bader Ginsburg.,False,incorrect
"Quotes Ronald Reagan as saying, Keep voting Democrat ... One day they will restrict your freedoms, restrict your history and restrict your safety. All in the name of professional victims that don't understand the consequences of their ignorance.",False,incorrect
Says Facebook is banning Trump from advertising for president.,False,incorrect
Photos show children in cages.,False,incorrect
Facebook is creating these #firstborn and #secondborn challenges so the IRS can confirm who yall claiming on them taxes as dependents.,False,incorrect
Says Ruth Bader Ginsburg was nominated and confirmed 43 days before an election.,False,incorrect
82% of Americans...would experience a tax increase if Biden were elected.,False,incorrect
Photo shows Jacob Blakes 14-year-old rape victim.,False,incorrect
"Says Sarah Jeong said, ""We need a castration lottery for white men. Every month we pull a birthday, sort the excess and snip some sacks, preferably in a big public gathering.""",False,incorrect
"Says John F. Kennedy said, ""If a Supreme Court Justice died one day before the election, it would be more Constitutional to indefinitely postpone the election than postpone the confirmation a single day.""",False,incorrect
Students no longer say the Pledge of Allegiance in schools.,False,incorrect
"""This Is Real: Biden Waves To An Empty Field.""",False,incorrect
Bill Gates says you don't have a choice to be vaccinated or not.,False,incorrect
CBS stole a photo from Latinos for Trump in Phoenix and tagged it as a Biden event.,False,incorrect
Nobody is found dead of corona in their homes.. They all die at the hospital.,False,incorrect
Selene Delgado Lopez is everyones friend in Facebook.,False,incorrect
"If Joe Biden steps down, Nancy Pelosi will become vice president.",False,incorrect
Most of the wildfires on the West Coast are all being started by antifa.,False,incorrect
Not one politician has died from the virus.,False,incorrect
Says Joe Biden wants to put a 3% annual federal tax on your home.,False,incorrect
"Says NBC News reported that Hillary Clinton ""covered up elite pedophile ring at state department.""",False,incorrect
"Kamala Harris wants the riots to continue and not let up, not now not even after the election.",False,incorrect
Joe Biden wants to raise taxes on 82% of all Americans.,False,incorrect
"Biden failed to condemn far-left violent groups like Antifa, instead faulting only the brave men and women of law enforcement.",False,incorrect
Says his policy is that health insurance should always cover preexisting conditions. For anyone. Period.,False,incorrect
Elderly people were beat up by a BLM hate group for being white.,False,incorrect
The entire city (of Portland) is ablaze all the time.,False,incorrect
Says authorities found 39 children in a double wide trailer in Georgia and it's not the biggest news story in America.,False,incorrect
At 17 years old Kyle (Rittenhouse) was perfectly legal to be able to possess that rifle without parental supervision.,False,incorrect
Says Melania Trump is the first FLOTUS to visit troops in a combat zone since 1969.,False,incorrect
"... in 2013 Obama determined Social Security would not send checks through the USPS, because it was not secure",False,incorrect
"Trump denies fire assistance to California because they didn't vote for him, but helped Russia with their wildfires in Siberia.",False,incorrect
Says Jacob Blake declared he had a gun in the car and was going to go get it and was brandishing a knife,False,incorrect
BLM rioters just burned down a black church in a black community with a BLM sign out front.,False,incorrect
Says James Madison signed the Declaration of Independence.,False,incorrect
These photos show Jacob Blake posing with a gun.,False,incorrect
"Says Joe Biden and Kamala Harris would raise the federal income tax rate for a person with a bi-weekly gross salary of $3,000 to 39.6%, costing nearly half your paycheck.",False,incorrect
Clicking on this link in a text message lets sex traffickers track you.,False,incorrect
Democrats and Joe Biden want to abolish the suburbs altogether by ending single-family home zoning.,False,incorrect
Says Joe Biden and Kamala Harris want massive tax hikes on working families.,False,incorrect
"Melania dug up the WH Rose Garden, removing roses from every First Lady since 1913.",False,incorrect
Says a video shared to his social media shows vehicles with broken windows in a parking garage used by state agencies in Texas on the same night the City of Austin voted to cut $150 million from the police department.,False,incorrect
"Says Nancy Pelosi wants to remove votes from soldiers overseas and said, They dont even live here.",False,incorrect
"Says President Barack Obama spied on my campaign, and got caught!",False,incorrect
"Bidens tax rate on a family making 75,000 dollars would go from 12% to 25%.",False,incorrect
Cal Cunningham has been silent on this on defunding the police; I assume his silence is consent.,False,incorrect
Says Kamala Harris inaccurately claimed to be bussed in the 60s due to segregation type issues.,False,incorrect
Says Mike Pence said he wont debate Kamala Harris.,False,incorrect
"The coronavirus has seen a big surge in New Zealand. It's terrible. We don't want that.""",False,incorrect
"Says Democratic presidential nominee Joe Biden backs a fracking ban that would cost 100,000 Wisconsin jobs",False,incorrect
"Says Kamala Harris said, If elected & you dont surrender your guns, I will sign an executive order & the police will show up at your door.",False,incorrect
Says Kamala Harris wants to eliminate beef.,False,incorrect
"The Trump administration added over 209,000 jobs, including 16,000 new manufacturing jobs, to Pennsylvania over the last three years.",False,incorrect
Says Kamala Harris called Joe Biden a racist during a Democratic presidential debate.,False,incorrect
A graph shows the number of human trafficking arrests increased dramatically under President Donald Trump.,False,incorrect
"Says Ruth Bader Ginsburg said, The age of consent for sexual acts must be lowered to age 12 years old.",False,incorrect
President Donald Trump put a hold on ALL EVICTIONS through December.,False,incorrect
"""Third party votes only siphon from (Democrats).",False,incorrect
"Says ""Pelosi blackmails Congress! She demands mail-in voting or no 2nd stimulus for you and your family.",False,incorrect
Herd immunity has been reached.,False,incorrect
"Black Lives Matter ""injures 1000 police officers kills 36 people and does $8 billion in damage.""",False,incorrect
Video shows missile attack in Beirut explosion.,False,incorrect
Children are almost immune from this disease.,False,incorrect
"Photo shows Angela Merkel, Theresa May and Dalia Grybauskait as teenagers.",False,incorrect
Says Joe Biden is absolutely on board with defunding the police.,False,incorrect
"Says Bill Gates said, We need to develop a digital certificate that shows who has received all the vaccinations. Only those with all the required vaccinations may travel, visit churches, participate in sports and music events, get a job, etc.",False,incorrect
"$258,000/month: Amount Blake Griffin will pay in child support to ex Brynn Cameron.",False,incorrect
The White House doctored a photo of a Donald Trump event to make the crowd look bigger.,False,incorrect
Absentee voting is different from mail-in voting and has more protections against fraud.,False,incorrect
"Says Herman Cain died of cancer, not COVID-19.",False,incorrect
Says George Floyd appeared on Judge Judy.,False,incorrect
The first Statue of Liberty given to the U.S. by France was a Black woman which the U.S. rejected.,False,incorrect
Says actor Kurt Russell said this about the police.,False,incorrect
A common cold can cause a positive COVID-19 test.,False,incorrect
America was the ONLY country that ended slavery,False,incorrect
"Says he opposes statewide mask order because it would require him to wear a mask in my house, or walking my dog.",False,incorrect
"The NFL agreed to give the domestic terror group, BLM, 250 million dollars.",False,incorrect
"""Black Lives Matter is a terrorist organization.""",False,incorrect
A photo shows Portland protesters pointing lasers at federal officers.,False,incorrect
Says wearing masks has been proven ineffective.,False,incorrect
SpongeBobs license address is Jeffrey Epsteins private island!,False,incorrect
American coronavirus vaccine killed five Ukrainians.,False,incorrect
Says Joe Biden is formally listed as criminal suspect in Ukraine case involving his son.,False,incorrect
"This virus has a cure. It is called hydroxychloroquine, zinc, and Zithromax. I know you people want to talk about a mask. Hello? You dont need (a) mask. There is a cure.",False,incorrect
No U.S. presidents elected before Donald Trump were racist.,False,incorrect
The Trump administration has had zero unfulfilled equipment and supply requests from state governors.,False,incorrect
Says Sen. Thom Tillis doesnt think restaurant workers should have to wash their hands.,False,incorrect
The United Nations new world order agenda will create one world government with one world military and the end of national sovereignty.,False,incorrect
Quotes Joe Biden as saying We need to teach our children the ISLAMIC FAITH in our schools!,False,incorrect
Bank of America just pledged $1 billion dollars to Black Lives Matter.,False,incorrect
The New York Times published Tucker Carlsons home address and location.,False,incorrect
"Says Joe Biden said, We dont need any more N***** bigshots.",False,incorrect
Since Trump labeled ANTIFA a terrorist organization their rights were stripped by the Patriot Act which states if someone is labeled a terrorist they are not afforded due process.,False,incorrect
Old C-SPAN footage of Joe Biden introducing man in blackface.,False,incorrect
Wayfair CEO steps down.,False,incorrect
Photo shows Chuck Schumer kissing this child on Epstein island!,False,incorrect
"Says Joe Biden plans to mandate net-zero carbon emissions for homes, offices and all new buildings by 2030. That basically means no windows, no nothing.",False,incorrect
"""New study: The flu vaccine is 'significantly associated' with an increased risk of coronavirus""",False,incorrect
The Supreme Court ruled today NO VOTING BY MAIL !!!,False,incorrect
No other country is having a second wave of COVID-19 because they are not trying to unseat a President in November.,False,incorrect
Registered Republican not allowed to vote.,False,incorrect
The CDC may have to stop calling COVID-19 an epidemic due to a remarkably low death rate.,False,incorrect
Says no one under the age of 20 has died of the coronavirus. We still dont know whether children can get it and transmit it to others.,False,incorrect
There is no science or data to suggest that kids are at risk from COVID.,False,incorrect
Says 99% of COVID-19 cases are totally harmless.,False,incorrect
Says Melania Trumps dress at Mount Rushmore speech was designed from drawings of several young victims of sex trafficking.,False,incorrect
Oklahoma 100% coronavirus test rate after Trump Tulsa rally.,False,incorrect
"The (COVID-19) cases are going up, but it's because the testing is going up.",False,incorrect
A Denver International Airport mural of people wearing masks was painted in 1994.,False,incorrect
Says Nancy Pelosi made millions in coronavirus insider trading.,False,incorrect
"""You weren't allowed to own a cannon during the Revolutionary War as an individual.""",False,incorrect
"If you are licensed to carry a concealed weapon, wearing a face covering for coronavirus ""removes your conceal carry ability.""",False,incorrect
Joe Bidens great-grandfather Joseph J. Biden was a slave-owner and fought for the Confederacy.,False,incorrect
